Case Number Probate,County,Filing Date
2021-001539-CP-02,Miami Dade,4/1/2021
2021-001539-CP-02,Miami Dade,4/1/2021
2021-001541-CP-02,Miami Dade,4/1/2021
2021-001543-CP-02,Miami Dade,4/1/2021
2021-001545-CP-02,Miami Dade,4/1/2021
2021-001546-CP-02,Miami Dade,4/1/2021
2021-001552-CP-02,Miami Dade,4/1/2021
2021-001553-CP-02,Miami Dade,4/1/2021
2021-001558-CP-02,Miami Dade,4/2/2021
2021-001560-CP-02,Miami Dade,4/2/2021
2021-001561-CP-02,Miami Dade,4/2/2021
2021-001562-CP-02,Miami Dade,4/2/2021
2021-001563-CP-02,Miami Dade,4/2/2021
2021-001563-CP-02,Miami Dade,4/2/2021
2021-001563-CP-02,Miami Dade,4/2/2021
2021-001563-CP-02,Miami Dade,4/2/2021
2021-001566-CP-02,Miami Dade,4/1/2021
2021-001567-CP-02,Miami Dade,4/2/2021
2021-001568-CP-02,Miami Dade,4/2/2021
2021-001570-CP-02,Miami Dade,4/2/2021
2021-001571-CP-02,Miami Dade,4/2/2021
2021-001575-CP-02,Miami Dade,4/3/2021
2021-001576-CP-02,Miami Dade,4/3/2021
2021-001578-CP-02,Miami Dade,4/3/2021
2021-001579-CP-02,Miami Dade,4/4/2021
2021-001580-CP-02,Miami Dade,4/5/2021
2021-001582-CP-02,Miami Dade,4/5/2021
2021-001583-CP-02,Miami Dade,4/5/2021
2021-001585-CP-02,Miami Dade,4/5/2021
2021-001586-CP-02,Miami Dade,4/6/2021
2021-001587-CP-02,Miami Dade,4/6/2021
2021-001589-CP-02,Miami Dade,4/5/2021
2021-001590-CP-02,Miami Dade,4/5/2021
2021-001592-CP-02,Miami Dade,4/5/2021
2021-001593-CP-02,Miami Dade,4/5/2021
2021-001595-CP-02,Miami Dade,4/5/2021
2021-001596-CP-02,Miami Dade,4/5/2021
2021-001597-CP-02,Miami Dade,4/5/2021
2021-001601-CP-02,Miami Dade,4/6/2021
2021-001602-CP-02,Miami Dade,4/5/2021
2021-001604-CP-02,Miami Dade,4/6/2021
2021-001605-CP-02,Miami Dade,4/6/2021
2021-001607-CP-02,Miami Dade,4/6/2021
2021-001608-CP-02,Miami Dade,4/6/2021
2021-001609-CP-02,Miami Dade,4/6/2021
2021-001610-CP-02,Miami Dade,4/6/2021
2021-001612-CP-02,Miami Dade,4/6/2021
2021-001616-CP-02,Miami Dade,4/6/2021
2021-001624-CP-02,Miami Dade,4/7/2021
2021-001628-CP-02,Miami Dade,4/7/2021
2021-001635-CP-02,Miami Dade,4/8/2021
2021-001637-CP-02,Miami Dade,4/6/2021
2021-001637-CP-02,Miami Dade,4/6/2021
2021-001640-CP-02,Miami Dade,4/8/2021
2021-001642-CP-02,Miami Dade,4/9/2021
2021-001642-CP-02,Miami Dade,4/9/2021
2021-001644-CP-02,Miami Dade,4/9/2021
2021-001651-CP-02,Miami Dade,4/7/2021
2021-001655-CP-02,Miami Dade,4/7/2021
2021-001656-CP-02,Miami Dade,4/7/2021
2021-001657-CP-02,Miami Dade,4/7/2021
2021-001659-CP-02,Miami Dade,4/7/2021
2021-001665-CP-02,Miami Dade,4/7/2021
2021-001667-CP-02,Miami Dade,4/7/2021
2021-001668-CP-02,Miami Dade,4/7/2021
2021-001670-CP-02,Miami Dade,4/7/2021
2021-001677-CP-02,Miami Dade,4/8/2021
2021-001679-CP-02,Miami Dade,4/8/2021
2021-001680-CP-02,Miami Dade,4/8/2021
2021-001680-CP-02,Miami Dade,4/8/2021
2021-001682-CP-02,Miami Dade,4/8/2021
2021-001683-CP-02,Miami Dade,4/8/2021
2021-001684-CP-02,Miami Dade,4/8/2021
2021-001685-CP-02,Miami Dade,4/8/2021
2021-001687-CP-02,Miami Dade,4/8/2021
2021-001688-CP-02,Miami Dade,4/8/2021
2021-001689-CP-02,Miami Dade,4/8/2021
2021-001689-CP-02,Miami Dade,4/8/2021
2021-001693-CP-02,Miami Dade,4/8/2021
2021-001694-CP-02,Miami Dade,4/8/2021
2021-001696-CP-02,Miami Dade,4/8/2021
2021-001698-CP-02,Miami Dade,4/8/2021
2021-001701-CP-02,Miami Dade,4/8/2021
2021-001701-CP-02,Miami Dade,4/8/2021
2021-001702-CP-02,Miami Dade,4/8/2021
2021-001704-CP-02,Miami Dade,4/9/2021
2021-001705-CP-02,Miami Dade,4/9/2021
2021-001708-CP-02,Miami Dade,4/9/2021
2021-001711-CP-02,Miami Dade,4/9/2021
2021-001712-CP-02,Miami Dade,4/9/2021
2021-001722-CP-02,Miami Dade,4/9/2021
2021-001723-CP-02,Miami Dade,4/9/2021
2021-001726-CP-02,Miami Dade,4/9/2021
2021-001727-CP-02,Miami Dade,4/9/2021
2021-001728-CP-02,Miami Dade,4/9/2021
2021-001729-CP-02,Miami Dade,4/9/2021
2021-001730-CP-02,Miami Dade,4/9/2021
2021-001731-CP-02,Miami Dade,4/9/2021
2021-001733-CP-02,Miami Dade,4/9/2021
2021-001735-CP-02,Miami Dade,4/9/2021
2021-001736-CP-02,Miami Dade,4/9/2021
2021-001738-CP-02,Miami Dade,4/10/2021
2021-001739-CP-02,Miami Dade,4/7/2021
2021-001740-CP-02,Miami Dade,4/11/2021
2021-001741-CP-02,Miami Dade,4/11/2021
2021-001745-CP-02,Miami Dade,4/12/2021
2021-001746-CP-02,Miami Dade,4/12/2021
2021-001747-CP-02,Miami Dade,4/12/2021
2021-001749-CP-02,Miami Dade,4/12/2021
2021-001750-CP-02,Miami Dade,4/12/2021
2021-001751-CP-02,Miami Dade,4/12/2021
2021-001752-CP-02,Miami Dade,4/12/2021
2021-001755-CP-02,Miami Dade,4/12/2021
2021-001759-CP-02,Miami Dade,4/12/2021
2021-001760-CP-02,Miami Dade,4/13/2021
2021-001761-CP-02,Miami Dade,4/13/2021
2021-001762-CP-02,Miami Dade,4/13/2021
2021-001763-CP-02,Miami Dade,4/13/2021
2021-001766-CP-02,Miami Dade,4/13/2021
2021-001767-CP-02,Miami Dade,4/13/2021
2021-001769-CP-02,Miami Dade,4/13/2021
2021-001770-CP-02,Miami Dade,4/13/2021
2021-001773-CP-02,Miami Dade,4/13/2021
2021-001775-CP-02,Miami Dade,4/13/2021
2021-001778-CP-02,Miami Dade,4/13/2021
2021-001779-CP-02,Miami Dade,4/13/2021
2021-001782-CP-02,Miami Dade,4/13/2021
2021-001783-CP-02,Miami Dade,4/14/2021
2021-001786-CP-02,Miami Dade,4/14/2021
2021-001789-CP-02,Miami Dade,4/13/2021
2021-001789-CP-02,Miami Dade,4/13/2021
2021-001790-CP-02,Miami Dade,4/13/2021
2021-001791-CP-02,Miami Dade,4/14/2021
2021-001792-CP-02,Miami Dade,4/14/2021
2021-001793-CP-02,Miami Dade,4/14/2021
2021-001794-CP-02,Miami Dade,4/14/2021
2021-001796-CP-02,Miami Dade,4/14/2021
2021-001803-CP-02,Miami Dade,4/14/2021
2021-001806-CP-02,Miami Dade,4/14/2021
2021-001807-CP-02,Miami Dade,4/15/2021
2021-001809-CP-02,Miami Dade,4/14/2021
2021-001810-CP-02,Miami Dade,4/14/2021
2021-001812-CP-02,Miami Dade,4/14/2021
2021-001814-CP-02,Miami Dade,4/14/2021
2021-001815-CP-02,Miami Dade,4/14/2021
2021-001818-CP-02,Miami Dade,4/14/2021
2021-001819-CP-02,Miami Dade,4/15/2021
2021-001820-CP-02,Miami Dade,4/14/2021
2021-001821-CP-02,Miami Dade,4/15/2021
2021-001823-CP-02,Miami Dade,4/15/2021
2021-001824-CP-02,Miami Dade,4/15/2021
2021-001830-CP-02,Miami Dade,4/15/2021
2021-001831-CP-02,Miami Dade,4/15/2021
2021-001834-CP-02,Miami Dade,4/15/2021
2021-001835-CP-02,Miami Dade,4/15/2021
2021-001838-CP-02,Miami Dade,4/15/2021
2021-001839-CP-02,Miami Dade,4/11/2021
2021-001840-CP-02,Miami Dade,4/15/2021
2021-001841-CP-02,Miami Dade,4/15/2021
2021-001844-CP-02,Miami Dade,4/15/2021
2021-001844-CP-02,Miami Dade,4/15/2021
2021-001845-CP-02,Miami Dade,4/15/2021
2021-001846-CP-02,Miami Dade,4/15/2021
2021-001847-CP-02,Miami Dade,4/15/2021
2021-001848-CP-02,Miami Dade,4/16/2021
2021-001849-CP-02,Miami Dade,4/16/2021
2021-001851-CP-02,Miami Dade,4/16/2021
2021-001855-CP-02,Miami Dade,4/16/2021
2021-001861-CP-02,Miami Dade,4/16/2021
2021-001865-CP-02,Miami Dade,4/16/2021
2021-001866-CP-02,Miami Dade,4/16/2021
2021-001867-CP-02,Miami Dade,4/16/2021
2021-001868-CP-02,Miami Dade,4/20/2021
2021-001869-CP-02,Miami Dade,4/14/2021
2021-001870-CP-02,Miami Dade,4/18/2021
2021-001871-CP-02,Miami Dade,4/15/2021
2021-001872-CP-02,Miami Dade,4/18/2021
2021-001873-CP-02,Miami Dade,4/18/2021
2021-001874-CP-02,Miami Dade,4/19/2021
2021-001879-CP-02,Miami Dade,4/19/2021
2021-001879-CP-02,Miami Dade,4/19/2021
2021-001881-CP-02,Miami Dade,4/19/2021
2021-001882-CP-02,Miami Dade,4/19/2021
2021-001882-CP-02,Miami Dade,4/19/2021
2021-001883-CP-02,Miami Dade,4/19/2021
2021-001887-CP-02,Miami Dade,4/19/2021
2021-001887-CP-02,Miami Dade,4/19/2021
2021-001887-CP-02,Miami Dade,4/19/2021
2021-001888-CP-02,Miami Dade,4/19/2021
2021-001889-CP-02,Miami Dade,4/19/2021
2021-001889-CP-02,Miami Dade,4/19/2021
2021-001891-CP-02,Miami Dade,4/19/2021
2021-001891-CP-02,Miami Dade,4/19/2021
2021-001891-CP-02,Miami Dade,4/19/2021
2021-001891-CP-02,Miami Dade,4/19/2021
2021-001891-CP-02,Miami Dade,4/19/2021
2021-001891-CP-02,Miami Dade,4/19/2021
2021-001891-CP-02,Miami Dade,4/19/2021
2021-001892-CP-02,Miami Dade,4/19/2021
2021-001893-CP-02,Miami Dade,4/19/2021
2021-001896-CP-02,Miami Dade,4/20/2021
2021-001897-CP-02,Miami Dade,4/20/2021
2021-001908-CP-02,Miami Dade,4/20/2021
2021-001909-CP-02,Miami Dade,4/20/2021
2021-001910-CP-02,Miami Dade,4/20/2021
2021-001910-CP-02,Miami Dade,4/20/2021
2021-001911-CP-02,Miami Dade,4/20/2021
2021-001913-CP-02,Miami Dade,4/20/2021
2021-001917-CP-02,Miami Dade,4/21/2021
2021-001918-CP-02,Miami Dade,4/21/2021
2021-001919-CP-02,Miami Dade,4/21/2021
2021-001921-CP-02,Miami Dade,4/21/2021
2021-001922-CP-02,Miami Dade,4/21/2021
2021-001926-CP-02,Miami Dade,4/21/2021
2021-001926-CP-02,Miami Dade,4/21/2021
2021-001927-CP-02,Miami Dade,4/21/2021
2021-001930-CP-02,Miami Dade,4/21/2021
2021-001931-CP-02,Miami Dade,4/21/2021
2021-001932-CP-02,Miami Dade,4/21/2021
2021-001933-CP-02,Miami Dade,4/21/2021
2021-001934-CP-02,Miami Dade,4/21/2021
2021-001936-CP-02,Miami Dade,4/22/2021
2021-001938-CP-02,Miami Dade,4/22/2021
2021-001939-CP-02,Miami Dade,4/22/2021
2021-001944-CP-02,Miami Dade,4/22/2021
2021-001947-CP-02,Miami Dade,4/22/2021
2021-001948-CP-02,Miami Dade,4/22/2021
2021-001949-CP-02,Miami Dade,4/22/2021
2021-001954-CP-02,Miami Dade,4/22/2021
2021-001960-CP-02,Miami Dade,4/23/2021
2021-001961-CP-02,Miami Dade,4/23/2021
2021-001969-CP-02,Miami Dade,4/23/2021
2021-001977-CP-02,Miami Dade,4/25/2021
2021-001981-CP-02,Miami Dade,4/25/2021
2021-001981-CP-02,Miami Dade,4/25/2021
2021-001983-CP-02,Miami Dade,4/26/2021
2021-001985-CP-02,Miami Dade,4/26/2021
2021-001989-CP-02,Miami Dade,4/26/2021
2021-001990-CP-02,Miami Dade,4/26/2021
2021-001990-CP-02,Miami Dade,4/26/2021
2021-001991-CP-02,Miami Dade,4/26/2021
2021-001992-CP-02,Miami Dade,4/26/2021
2021-001993-CP-02,Miami Dade,4/26/2021
2021-001994-CP-02,Miami Dade,4/26/2021
2021-001997-CP-02,Miami Dade,4/26/2021
2021-001998-CP-02,Miami Dade,4/26/2021
2021-002003-CP-02,Miami Dade,4/27/2021
2021-002006-CP-02,Miami Dade,4/27/2021
2021-002007-CP-02,Miami Dade,4/27/2021
2021-002011-CP-02,Miami Dade,4/27/2021
2021-002012-CP-02,Miami Dade,4/27/2021
2021-002014-CP-02,Miami Dade,4/27/2021
2021-002017-CP-02,Miami Dade,4/27/2021
2021-002024-CP-02,Miami Dade,4/27/2021
2021-002025-CP-02,Miami Dade,4/27/2021
2021-002028-CP-02,Miami Dade,4/28/2021
2021-002030-CP-02,Miami Dade,4/28/2021
2021-002032-CP-02,Miami Dade,4/28/2021
2021-002034-CP-02,Miami Dade,4/28/2021
2021-002035-CP-02,Miami Dade,4/28/2021
2021-002035-CP-02,Miami Dade,4/28/2021
2021-002040-CP-02,Miami Dade,4/28/2021
2021-002041-CP-02,Miami Dade,4/28/2021
2021-002044-CP-02,Miami Dade,4/28/2021
2021-002045-CP-02,Miami Dade,4/28/2021
2021-002046-CP-02,Miami Dade,4/28/2021
2021-002047-CP-02,Miami Dade,4/29/2021
2021-002049-CP-02,Miami Dade,4/29/2021
2021-002050-CP-02,Miami Dade,4/29/2021
2021-002051-CP-02,Miami Dade,4/29/2021
2021-002051-CP-02,Miami Dade,4/29/2021
2021-002052-CP-02,Miami Dade,4/29/2021
2021-002052-CP-02,Miami Dade,4/29/2021
2021-002053-CP-02,Miami Dade,4/29/2021
2021-002058-CP-02,Miami Dade,4/29/2021
2021-002059-CP-02,Miami Dade,4/29/2021
2021-002059-CP-02,Miami Dade,4/29/2021
2021-002060-CP-02,Miami Dade,4/29/2021
2021-002061-CP-02,Miami Dade,4/29/2021
2021-002063-CP-02,Miami Dade,4/29/2021
2021-002064-CP-02,Miami Dade,4/29/2021
2021-002064-CP-02,Miami Dade,4/29/2021
2021-002066-CP-02,Miami Dade,4/29/2021
2021-002066-CP-02,Miami Dade,4/29/2021
2021-002069-CP-02,Miami Dade,4/29/2021
2021-002071-CP-02,Miami Dade,4/29/2021
2021-002074-CP-02,Miami Dade,4/29/2021
2021-002075-CP-02,Miami Dade,4/29/2021
2021-002079-CP-02,Miami Dade,4/30/2021
2021-002080-CP-02,Miami Dade,4/30/2021
2021-002081-CP-02,Miami Dade,4/28/2021
2021-002084-CP-02,Miami Dade,4/30/2021
2021-002087-CP-02,Miami Dade,4/30/2021
2021-002089-CP-02,Miami Dade,4/30/2021
2021-002101-CP-02,Miami Dade,4/30/2021
2021-002106-CP-02,Miami Dade,4/30/2021
2020-004786-CP-02,Miami Dade,12/1/2020
2020-004787-CP-02,Miami Dade,12/1/2020
2020-004788-CP-02,Miami Dade,12/1/2020
2020-004789-CP-02,Miami Dade,12/1/2020
2020-004790-CP-02,Miami Dade,12/1/2020
2020-004791-CP-02,Miami Dade,12/1/2020
2020-004792-CP-02,Miami Dade,12/1/2020
2020-004793-CP-02,Miami Dade,12/1/2020
2020-004794-CP-02,Miami Dade,12/1/2020
2020-004795-CP-02,Miami Dade,12/1/2020
2020-004796-CP-02,Miami Dade,12/1/2020
2020-004797-CP-02,Miami Dade,12/1/2020
2020-004798-CP-02,Miami Dade,12/1/2020
2020-004799-CP-02,Miami Dade,12/1/2020
2020-004800-CP-02,Miami Dade,12/1/2020
2020-004801-CP-02,Miami Dade,12/2/2020
2020-004805-CP-02,Miami Dade,12/2/2020
2020-004806-CP-02,Miami Dade,12/2/2020
2020-004808-CP-02,Miami Dade,12/2/2020
2020-004809-CP-02,Miami Dade,12/2/2020
2020-004810-CP-02,Miami Dade,12/2/2020
2020-004812-CP-02,Miami Dade,12/2/2020
2020-004813-CP-02,Miami Dade,12/2/2020
2020-004814-CP-02,Miami Dade,12/2/2020
2020-004815-CP-02,Miami Dade,12/2/2020
2020-004816-CP-02,Miami Dade,12/2/2020
2020-004817-CP-02,Miami Dade,12/2/2020
2020-004818-CP-02,Miami Dade,12/2/2020
2020-004820-CP-02,Miami Dade,12/1/2020
2020-004822-CP-02,Miami Dade,12/2/2020
2020-004823-CP-02,Miami Dade,12/1/2020
2020-004826-CP-02,Miami Dade,12/2/2020
2020-004828-CP-02,Miami Dade,12/2/2020
2020-004830-CP-02,Miami Dade,12/2/2020
2020-004831-CP-02,Miami Dade,12/2/2020
2020-004832-CP-02,Miami Dade,12/2/2020
2020-004833-CP-02,Miami Dade,12/2/2020
2020-004834-CP-02,Miami Dade,12/2/2020
2020-004835-CP-02,Miami Dade,12/2/2020
2020-004837-CP-02,Miami Dade,12/3/2020
2020-004839-CP-02,Miami Dade,12/3/2020
2020-004840-CP-02,Miami Dade,12/3/2020
2020-004841-CP-02,Miami Dade,12/3/2020
2020-004842-CP-02,Miami Dade,12/3/2020
2020-004845-CP-02,Miami Dade,12/3/2020
2020-004846-CP-02,Miami Dade,12/3/2020
2020-004849-CP-02,Miami Dade,12/3/2020
2020-004850-CP-02,Miami Dade,12/3/2020
2020-004851-CP-02,Miami Dade,12/3/2020
2020-004852-CP-02,Miami Dade,12/4/2020
2020-004853-CP-02,Miami Dade,12/4/2020
2020-004854-CP-02,Miami Dade,12/4/2020
2020-004855-CP-02,Miami Dade,12/4/2020
2020-004856-CP-02,Miami Dade,12/4/2020
2020-004857-CP-02,Miami Dade,12/4/2020
2020-004857-CP-02,Miami Dade,12/4/2020
2020-004858-CP-02,Miami Dade,12/4/2020
2020-004859-CP-02,Miami Dade,12/4/2020
2020-004860-CP-02,Miami Dade,12/4/2020
2020-004861-CP-02,Miami Dade,12/4/2020
2020-004862-CP-02,Miami Dade,12/4/2020
2020-004863-CP-02,Miami Dade,12/4/2020
2020-004864-CP-02,Miami Dade,12/4/2020
2020-004865-CP-02,Miami Dade,12/4/2020
2020-004866-CP-02,Miami Dade,12/4/2020
2020-004867-CP-02,Miami Dade,12/4/2020
2020-004868-CP-02,Miami Dade,12/4/2020
2020-004869-CP-02,Miami Dade,12/4/2020
2020-004870-CP-02,Miami Dade,12/4/2020
2020-004874-CP-02,Miami Dade,12/5/2020
2020-004875-CP-02,Miami Dade,12/6/2020
2020-004877-CP-02,Miami Dade,12/7/2020
2020-004878-CP-02,Miami Dade,12/7/2020
2020-004879-CP-02,Miami Dade,12/7/2020
2020-004881-CP-02,Miami Dade,12/7/2020
2020-004882-CP-02,Miami Dade,12/7/2020
2020-004883-CP-02,Miami Dade,12/7/2020
2020-004884-CP-02,Miami Dade,12/7/2020
2020-004885-CP-02,Miami Dade,12/7/2020
2020-004886-CP-02,Miami Dade,12/7/2020
2020-004887-CP-02,Miami Dade,12/7/2020
2020-004888-CP-02,Miami Dade,12/7/2020
2020-004889-CP-02,Miami Dade,12/7/2020
2020-004890-CP-02,Miami Dade,12/7/2020
2020-004891-CP-02,Miami Dade,12/7/2020
2020-004892-CP-02,Miami Dade,12/7/2020
2020-004893-CP-02,Miami Dade,12/7/2020
2020-004895-CP-02,Miami Dade,12/7/2020
2020-004896-CP-02,Miami Dade,12/7/2020
2020-004897-CP-02,Miami Dade,12/7/2020
2020-004899-CP-02,Miami Dade,12/7/2020
2020-004900-CP-02,Miami Dade,12/7/2020
2020-004901-CP-02,Miami Dade,12/7/2020
2020-004902-CP-02,Miami Dade,12/7/2020
2020-004904-CP-02,Miami Dade,12/7/2020
2020-004909-CP-02,Miami Dade,12/8/2020
2020-004910-CP-02,Miami Dade,12/8/2020
2020-004911-CP-02,Miami Dade,12/8/2020
2020-004912-CP-02,Miami Dade,12/8/2020
2020-004912-CP-02,Miami Dade,12/8/2020
2020-004913-CP-02,Miami Dade,12/5/2020
2020-004914-CP-02,Miami Dade,12/8/2020
2020-004915-CP-02,Miami Dade,12/8/2020
2020-004916-CP-02,Miami Dade,12/8/2020
2020-004917-CP-02,Miami Dade,12/8/2020
2020-004918-CP-02,Miami Dade,12/8/2020
2020-004919-CP-02,Miami Dade,12/8/2020
2020-004920-CP-02,Miami Dade,12/8/2020
2020-004921-CP-02,Miami Dade,12/8/2020
2020-004922-CP-02,Miami Dade,12/4/2020
2020-004923-CP-02,Miami Dade,12/8/2020
2020-004924-CP-02,Miami Dade,12/8/2020
2020-004925-CP-02,Miami Dade,12/8/2020
2020-004926-CP-02,Miami Dade,12/8/2020
2020-004927-CP-02,Miami Dade,12/8/2020
2020-004928-CP-02,Miami Dade,12/8/2020
2020-004929-CP-02,Miami Dade,12/8/2020
2020-004930-CP-02,Miami Dade,12/8/2020
2020-004931-CP-02,Miami Dade,12/8/2020
2020-004932-CP-02,Miami Dade,12/8/2020
2020-004933-CP-02,Miami Dade,12/8/2020
2020-004934-CP-02,Miami Dade,12/8/2020
2020-004936-CP-02,Miami Dade,12/8/2020
2020-004937-CP-02,Miami Dade,12/8/2020
2020-004939-CP-02,Miami Dade,12/9/2020
2020-004941-CP-02,Miami Dade,12/9/2020
2020-004942-CP-02,Miami Dade,12/9/2020
2020-004943-CP-02,Miami Dade,12/9/2020
2020-004944-CP-02,Miami Dade,12/9/2020
2020-004945-CP-02,Miami Dade,12/9/2020
2020-004946-CP-02,Miami Dade,12/9/2020
2020-004947-CP-02,Miami Dade,12/9/2020
2020-004948-CP-02,Miami Dade,12/9/2020
2020-004949-CP-02,Miami Dade,12/9/2020
2020-004950-CP-02,Miami Dade,12/8/2020
2020-004952-CP-02,Miami Dade,12/9/2020
2020-004953-CP-02,Miami Dade,12/9/2020
2020-004954-CP-02,Miami Dade,12/9/2020
2020-004955-CP-02,Miami Dade,12/9/2020
2020-004957-CP-02,Miami Dade,12/9/2020
2020-004958-CP-02,Miami Dade,12/9/2020
2020-004959-CP-02,Miami Dade,12/10/2020
2020-004960-CP-02,Miami Dade,12/8/2020
2020-004961-CP-02,Miami Dade,12/10/2020
2020-004962-CP-02,Miami Dade,12/10/2020
2020-004963-CP-02,Miami Dade,12/10/2020
2020-004964-CP-02,Miami Dade,12/10/2020
2020-004965-CP-02,Miami Dade,12/10/2020
2020-004966-CP-02,Miami Dade,12/10/2020
2020-004968-CP-02,Miami Dade,12/10/2020
2020-004969-CP-02,Miami Dade,12/10/2020
2020-004970-CP-02,Miami Dade,12/10/2020
2020-004971-CP-02,Miami Dade,12/10/2020
2020-004972-CP-02,Miami Dade,12/10/2020
2020-004973-CP-02,Miami Dade,12/10/2020
2020-004974-CP-02,Miami Dade,12/11/2020
2020-004975-CP-02,Miami Dade,12/11/2020
2020-004976-CP-02,Miami Dade,12/11/2020
2020-004977-CP-02,Miami Dade,12/11/2020
2020-004978-CP-02,Miami Dade,12/11/2020
2020-004980-CP-02,Miami Dade,12/11/2020
2020-004981-CP-02,Miami Dade,12/11/2020
2020-004982-CP-02,Miami Dade,12/11/2020
2020-004983-CP-02,Miami Dade,12/11/2020
2020-004984-CP-02,Miami Dade,12/11/2020
2020-004985-CP-02,Miami Dade,12/11/2020
2020-004986-CP-02,Miami Dade,12/11/2020
2020-004988-CP-02,Miami Dade,12/11/2020
2020-004989-CP-02,Miami Dade,12/11/2020
2020-004990-CP-02,Miami Dade,12/11/2020
2020-004991-CP-02,Miami Dade,12/11/2020
2020-004992-CP-02,Miami Dade,12/12/2020
2020-004993-CP-02,Miami Dade,12/12/2020
2020-004995-CP-02,Miami Dade,12/14/2020
2020-004996-CP-02,Miami Dade,12/14/2020
2020-004997-CP-02,Miami Dade,12/14/2020
2020-004999-CP-02,Miami Dade,12/14/2020
2020-005000-CP-02,Miami Dade,12/14/2020
2020-005001-CP-02,Miami Dade,12/14/2020
2020-005002-CP-02,Miami Dade,12/14/2020
2020-005003-CP-02,Miami Dade,12/14/2020
2020-005004-CP-02,Miami Dade,12/14/2020
2020-005005-CP-02,Miami Dade,12/14/2020
2020-005006-CP-02,Miami Dade,12/14/2020
2020-005008-CP-02,Miami Dade,12/14/2020
2020-005009-CP-02,Miami Dade,12/14/2020
2020-005010-CP-02,Miami Dade,12/14/2020
2020-005011-CP-02,Miami Dade,12/14/2020
2020-005012-CP-02,Miami Dade,12/15/2020
2020-005013-CP-02,Miami Dade,12/15/2020
2020-005015-CP-02,Miami Dade,12/15/2020
2020-005017-CP-02,Miami Dade,12/15/2020
2020-005018-CP-02,Miami Dade,12/15/2020
2020-005019-CP-02,Miami Dade,12/15/2020
2020-005020-CP-02,Miami Dade,12/15/2020
2020-005021-CP-02,Miami Dade,12/15/2020
2020-005023-CP-02,Miami Dade,12/15/2020
2020-005024-CP-02,Miami Dade,12/15/2020
2020-005025-CP-02,Miami Dade,12/15/2020
2020-005026-CP-02,Miami Dade,12/15/2020
2020-005028-CP-02,Miami Dade,12/15/2020
2020-005029-CP-02,Miami Dade,12/15/2020
2020-005030-CP-02,Miami Dade,12/15/2020
2020-005031-CP-02,Miami Dade,12/15/2020
2020-005032-CP-02,Miami Dade,12/15/2020
2020-005033-CP-02,Miami Dade,12/15/2020
2020-005034-CP-02,Miami Dade,12/16/2020
2020-005035-CP-02,Miami Dade,12/16/2020
2020-005036-CP-02,Miami Dade,12/16/2020
2020-005037-CP-02,Miami Dade,12/16/2020
2020-005038-CP-02,Miami Dade,12/16/2020
2020-005039-CP-02,Miami Dade,12/16/2020
2020-005040-CP-02,Miami Dade,12/16/2020
2020-005041-CP-02,Miami Dade,12/16/2020
2020-005042-CP-02,Miami Dade,12/16/2020
2020-005047-CP-02,Miami Dade,12/16/2020
2020-005048-CP-02,Miami Dade,12/16/2020
2020-005050-CP-02,Miami Dade,12/16/2020
2020-005052-CP-02,Miami Dade,12/16/2020
2020-005053-CP-02,Miami Dade,12/16/2020
2020-005054-CP-02,Miami Dade,12/16/2020
2020-005055-CP-02,Miami Dade,12/16/2020
2020-005056-CP-02,Miami Dade,12/16/2020
2020-005059-CP-02,Miami Dade,12/16/2020
2020-005060-CP-02,Miami Dade,12/16/2020
2020-005062-CP-02,Miami Dade,12/16/2020
2020-005063-CP-02,Miami Dade,12/16/2020
2020-005065-CP-02,Miami Dade,12/16/2020
2020-005066-CP-02,Miami Dade,12/17/2020
2020-005067-CP-02,Miami Dade,12/17/2020
2020-005068-CP-02,Miami Dade,12/17/2020
2020-005069-CP-02,Miami Dade,12/17/2020
2020-005070-CP-02,Miami Dade,12/17/2020
2020-005071-CP-02,Miami Dade,12/17/2020
2020-005073-CP-02,Miami Dade,12/17/2020
2020-005074-CP-02,Miami Dade,12/17/2020
2020-005075-CP-02,Miami Dade,12/17/2020
2020-005076-CP-02,Miami Dade,12/17/2020
2020-005077-CP-02,Miami Dade,12/17/2020
2020-005078-CP-02,Miami Dade,12/17/2020
2020-005079-CP-02,Miami Dade,12/17/2020
2020-005080-CP-02,Miami Dade,12/17/2020
2020-005081-CP-02,Miami Dade,12/17/2020
2020-005082-CP-02,Miami Dade,12/17/2020
2020-005083-CP-02,Miami Dade,12/17/2020
2020-005084-CP-02,Miami Dade,12/17/2020
2020-005085-CP-02,Miami Dade,12/17/2020
2020-005086-CP-02,Miami Dade,12/18/2020
2020-005087-CP-02,Miami Dade,12/18/2020
2020-005088-CP-02,Miami Dade,12/18/2020
2020-005089-CP-02,Miami Dade,12/18/2020
2020-005090-CP-02,Miami Dade,12/18/2020
2020-005091-CP-02,Miami Dade,12/18/2020
2020-005092-CP-02,Miami Dade,12/18/2020
2020-005093-CP-02,Miami Dade,12/18/2020
2020-005094-CP-02,Miami Dade,12/18/2020
2020-005095-CP-02,Miami Dade,12/18/2020
2020-005098-CP-02,Miami Dade,12/18/2020
2020-005099-CP-02,Miami Dade,12/18/2020
2020-005100-CP-02,Miami Dade,12/18/2020
2020-005101-CP-02,Miami Dade,12/18/2020
2020-005102-CP-02,Miami Dade,12/18/2020
2020-005103-CP-02,Miami Dade,12/18/2020
2020-005104-CP-02,Miami Dade,12/18/2020
2020-005105-CP-02,Miami Dade,12/18/2020
2020-005106-CP-02,Miami Dade,12/19/2020
2020-005107-CP-02,Miami Dade,12/20/2020
2020-005108-CP-02,Miami Dade,12/20/2020
2020-005109-CP-02,Miami Dade,12/21/2020
2020-005110-CP-02,Miami Dade,12/21/2020
2020-005111-CP-02,Miami Dade,12/21/2020
2020-005112-CP-02,Miami Dade,12/21/2020
2020-005113-CP-02,Miami Dade,12/21/2020
2020-005115-CP-02,Miami Dade,12/21/2020
2020-005116-CP-02,Miami Dade,12/21/2020
2020-005117-CP-02,Miami Dade,12/21/2020
2020-005118-CP-02,Miami Dade,12/21/2020
2020-005119-CP-02,Miami Dade,12/21/2020
2020-005120-CP-02,Miami Dade,12/21/2020
2020-005121-CP-02,Miami Dade,12/21/2020
2020-005122-CP-02,Miami Dade,12/21/2020
2020-005123-CP-02,Miami Dade,12/21/2020
2020-005124-CP-02,Miami Dade,12/21/2020
2020-005125-CP-02,Miami Dade,12/21/2020
2020-005126-CP-02,Miami Dade,12/21/2020
2020-005127-CP-02,Miami Dade,12/21/2020
2020-005128-CP-02,Miami Dade,12/21/2020
2020-005129-CP-02,Miami Dade,12/22/2020
2020-005130-CP-02,Miami Dade,12/21/2020
2020-005131-CP-02,Miami Dade,12/22/2020
2020-005132-CP-02,Miami Dade,12/22/2020
2020-005133-CP-02,Miami Dade,12/22/2020
2020-005134-CP-02,Miami Dade,12/22/2020
2020-005136-CP-02,Miami Dade,12/22/2020
2020-005137-CP-02,Miami Dade,12/22/2020
2020-005138-CP-02,Miami Dade,12/22/2020
2020-005140-CP-02,Miami Dade,12/22/2020
2020-005141-CP-02,Miami Dade,12/22/2020
2020-005142-CP-02,Miami Dade,12/22/2020
2020-005143-CP-02,Miami Dade,12/22/2020
2020-005144-CP-02,Miami Dade,12/22/2020
2020-005145-CP-02,Miami Dade,12/22/2020
2020-005146-CP-02,Miami Dade,12/22/2020
2020-005147-CP-02,Miami Dade,12/22/2020
2020-005148-CP-02,Miami Dade,12/22/2020
2020-005149-CP-02,Miami Dade,12/22/2020
2020-005150-CP-02,Miami Dade,12/22/2020
2020-005151-CP-02,Miami Dade,12/22/2020
2020-005152-CP-02,Miami Dade,12/22/2020
2020-005152-CP-02,Miami Dade,12/22/2020
2020-005152-CP-02,Miami Dade,12/22/2020
2020-005155-CP-02,Miami Dade,12/23/2020
2020-005156-CP-02,Miami Dade,12/23/2020
2020-005157-CP-02,Miami Dade,12/23/2020
2020-005158-CP-02,Miami Dade,12/23/2020
2020-005159-CP-02,Miami Dade,12/23/2020
2020-005160-CP-02,Miami Dade,12/23/2020
2020-005161-CP-02,Miami Dade,12/23/2020
2020-005163-CP-02,Miami Dade,12/23/2020
2020-005164-CP-02,Miami Dade,12/23/2020
2020-005165-CP-02,Miami Dade,12/23/2020
2020-005166-CP-02,Miami Dade,12/23/2020
2020-005167-CP-02,Miami Dade,12/23/2020
2020-005168-CP-02,Miami Dade,12/23/2020
2020-005169-CP-02,Miami Dade,12/23/2020
2020-005170-CP-02,Miami Dade,12/23/2020
2020-005171-CP-02,Miami Dade,12/23/2020
2020-005172-CP-02,Miami Dade,12/23/2020
2020-005173-CP-02,Miami Dade,12/23/2020
2020-005174-CP-02,Miami Dade,12/23/2020
2020-005175-CP-02,Miami Dade,12/23/2020
2020-005176-CP-02,Miami Dade,12/23/2020
2020-005177-CP-02,Miami Dade,12/23/2020
2020-005178-CP-02,Miami Dade,12/23/2020
2020-005179-CP-02,Miami Dade,12/23/2020
2020-005181-CP-02,Miami Dade,12/24/2020
2020-005182-CP-02,Miami Dade,12/24/2020
2020-005183-CP-02,Miami Dade,12/24/2020
2020-005184-CP-02,Miami Dade,12/24/2020
2020-005186-CP-02,Miami Dade,12/24/2020
2020-005187-CP-02,Miami Dade,12/24/2020
2020-005188-CP-02,Miami Dade,12/24/2020
2020-005189-CP-02,Miami Dade,12/24/2020
2020-005191-CP-02,Miami Dade,12/24/2020
2020-005194-CP-02,Miami Dade,12/26/2020
2020-005195-CP-02,Miami Dade,12/27/2020
2020-005196-CP-02,Miami Dade,12/28/2020
2020-005197-CP-02,Miami Dade,12/28/2020
2020-005199-CP-02,Miami Dade,12/24/2020
2020-005200-CP-02,Miami Dade,12/28/2020
2020-005201-CP-02,Miami Dade,12/28/2020
2020-005202-CP-02,Miami Dade,12/28/2020
2020-005203-CP-02,Miami Dade,12/29/2020
2020-005204-CP-02,Miami Dade,12/29/2020
2020-005205-CP-02,Miami Dade,12/29/2020
2020-005206-CP-02,Miami Dade,12/29/2020
2020-005207-CP-02,Miami Dade,12/29/2020
2020-005208-CP-02,Miami Dade,12/29/2020
2020-005209-CP-02,Miami Dade,12/29/2020
2020-005210-CP-02,Miami Dade,12/29/2020
2020-005211-CP-02,Miami Dade,12/29/2020
2020-005212-CP-02,Miami Dade,12/30/2020
2020-005213-CP-02,Miami Dade,12/30/2020
2020-005215-CP-02,Miami Dade,12/30/2020
2020-005216-CP-02,Miami Dade,12/30/2020
2020-005217-CP-02,Miami Dade,12/30/2020
2020-005219-CP-02,Miami Dade,12/30/2020
2020-005223-CP-02,Miami Dade,12/30/2020
2020-005226-CP-02,Miami Dade,12/30/2020
2020-005227-CP-02,Miami Dade,12/30/2020
2020-005228-CP-02,Miami Dade,12/30/2020
2020-005229-CP-02,Miami Dade,12/30/2020
2020-005230-CP-02,Miami Dade,12/30/2020
2020-005231-CP-02,Miami Dade,12/30/2020
2020-005232-CP-02,Miami Dade,12/30/2020
2020-005233-CP-02,Miami Dade,12/30/2020
2020-005234-CP-02,Miami Dade,12/30/2020
2020-005235-CP-02,Miami Dade,12/30/2020
2020-005236-CP-02,Miami Dade,12/30/2020
2020-005237-CP-02,Miami Dade,12/30/2020
2020-005238-CP-02,Miami Dade,12/31/2020
2020-005239-CP-02,Miami Dade,12/31/2020
2020-005240-CP-02,Miami Dade,12/31/2020
2020-005241-CP-02,Miami Dade,12/30/2020
2020-005242-CP-02,Miami Dade,12/31/2020
2020-005243-CP-02,Miami Dade,12/31/2020
2020-005244-CP-02,Miami Dade,12/31/2020
2020-005245-CP-02,Miami Dade,12/31/2020
2020-005246-CP-02,Miami Dade,12/31/2020
2020-005247-CP-02,Miami Dade,12/31/2020
2021-000429-CP-02,Miami Dade,01/02/2021
2021-000430-CP-02,Miami Dade,01/02/2021
2021-000433-CP-02,Miami Dade,01/02/2021
2021-000435-CP-02,Miami Dade,01/02/2021
2021-000436-CP-02,Miami Dade,01/02/2021
2021-000443-CP-02,Miami Dade,01/02/2021
2021-000447-CP-02,Miami Dade,01/02/2021
2021-000448-CP-02,Miami Dade,01/02/2021
2021-000450-CP-02,Miami Dade,01/02/2021
2021-000451-CP-02,Miami Dade,01/02/2021
2021-000453-CP-02,Miami Dade,01/02/2021
2021-000464-CP-02,Miami Dade,02/02/2021
2021-000465-CP-02,Miami Dade,02/02/2021
2021-000471-CP-02,Miami Dade,02/02/2021
2021-000474-CP-02,Miami Dade,02/02/2021
2021-000476-CP-02,Miami Dade,02/02/2021
2021-000478-CP-02,Miami Dade,03/02/2021
2021-000480-CP-02,Miami Dade,03/02/2021
2021-000481-CP-02,Miami Dade,03/02/2021
2021-000482-CP-02,Miami Dade,03/02/2021
2021-000483-CP-02,Miami Dade,03/02/2021
2021-000483-CP-02,Miami Dade,03/02/2021
2021-000484-CP-02,Miami Dade,03/02/2021
2021-000495-CP-02,Miami Dade,03/02/2021
2021-000499-CP-02,Miami Dade,03/02/2021
2021-000503-CP-02,Miami Dade,04/02/2021
2021-000505-CP-02,Miami Dade,04/02/2021
2021-000506-CP-02,Miami Dade,04/02/2021
2021-000507-CP-02,Miami Dade,04/02/2021
2021-000508-CP-02,Miami Dade,04/02/2021
2021-000509-CP-02,Miami Dade,04/02/2021
2021-000510-CP-02,Miami Dade,04/02/2021
2021-000511-CP-02,Miami Dade,04/02/2021
2021-000512-CP-02,Miami Dade,04/02/2021
2021-000513-CP-02,Miami Dade,04/02/2021
2021-000516-CP-02,Miami Dade,04/02/2021
2021-000519-CP-02,Miami Dade,04/02/2021
2021-000521-CP-02,Miami Dade,04/02/2021
2021-000522-CP-02,Miami Dade,04/02/2021
2021-000523-CP-02,Miami Dade,04/02/2021
2021-000524-CP-02,Miami Dade,04/02/2021
2021-000525-CP-02,Miami Dade,04/02/2021
2021-000528-CP-02,Miami Dade,04/02/2021
2021-000530-CP-02,Miami Dade,04/02/2021
2021-000538-CP-02,Miami Dade,05/02/2021
2021-000539-CP-02,Miami Dade,05/02/2021
2021-000541-CP-02,Miami Dade,04/02/2021
2021-000550-CP-02,Miami Dade,05/02/2021
2021-000554-CP-02,Miami Dade,05/02/2021
2021-000555-CP-02,Miami Dade,05/02/2021
2021-000558-CP-02,Miami Dade,05/02/2021
2021-000559-CP-02,Miami Dade,06/02/2021
2021-000560-CP-02,Miami Dade,06/02/2021
2021-000560-CP-02,Miami Dade,06/02/2021
2021-000563-CP-02,Miami Dade,07/02/2021
2021-000565-CP-02,Miami Dade,08/02/2021
2021-000566-CP-02,Miami Dade,08/02/2021
2021-000570-CP-02,Miami Dade,08/02/2021
2021-000572-CP-02,Miami Dade,08/02/2021
2021-000576-CP-02,Miami Dade,08/02/2021
2021-000577-CP-02,Miami Dade,08/02/2021
2021-000579-CP-02,Miami Dade,08/02/2021
2021-000580-CP-02,Miami Dade,08/02/2021
2021-000582-CP-02,Miami Dade,08/02/2021
2021-000583-CP-02,Miami Dade,08/02/2021
2021-000584-CP-02,Miami Dade,08/02/2021
2021-000586-CP-02,Miami Dade,08/02/2021
2021-000587-CP-02,Miami Dade,08/02/2021
2021-000592-CP-02,Miami Dade,09/02/2021
2021-000593-CP-02,Miami Dade,09/02/2021
2021-000594-CP-02,Miami Dade,09/02/2021
2021-000596-CP-02,Miami Dade,09/02/2021
2021-000598-CP-02,Miami Dade,09/02/2021
2021-000604-CP-02,Miami Dade,09/02/2021
2021-000605-CP-02,Miami Dade,09/02/2021
2021-000607-CP-02,Miami Dade,10/02/2021
2021-000611-CP-02,Miami Dade,10/02/2021
2021-000612-CP-02,Miami Dade,10/02/2021
2021-000614-CP-02,Miami Dade,10/02/2021
2021-000616-CP-02,Miami Dade,10/02/2021
2021-000619-CP-02,Miami Dade,10/02/2021
2021-000621-CP-02,Miami Dade,10/02/2021
2021-000622-CP-02,Miami Dade,10/02/2021
2021-000626-CP-02,Miami Dade,10/02/2021
2021-000631-CP-02,Miami Dade,11/02/2021
2021-000635-CP-02,Miami Dade,11/02/2021
2021-000636-CP-02,Miami Dade,11/02/2021
2021-000637-CP-02,Miami Dade,11/02/2021
2021-000640-CP-02,Miami Dade,11/02/2021
2021-000642-CP-02,Miami Dade,11/02/2021
2021-000644-CP-02,Miami Dade,11/02/2021
2021-000647-CP-02,Miami Dade,12/02/2021
2021-000649-CP-02,Miami Dade,12/02/2021
2021-000650-CP-02,Miami Dade,12/02/2021
2021-000654-CP-02,Miami Dade,12/02/2021
2021-000656-CP-02,Miami Dade,12/02/2021
2021-000661-CP-02,Miami Dade,12/02/2021
2021-000662-CP-02,Miami Dade,12/02/2021
2021-000663-CP-02,Miami Dade,12/02/2021
2021-000666-CP-02,Miami Dade,13/02/2021
2021-000670-CP-02,Miami Dade,15/02/2021
2021-000671-CP-02,Miami Dade,15/02/2021
2021-000671-CP-02,Miami Dade,15/02/2021
2021-000671-CP-02,Miami Dade,15/02/2021
2021-000680-CP-02,Miami Dade,16/02/2021
2021-000683-CP-02,Miami Dade,15/02/2021
2021-000685-CP-02,Miami Dade,15/02/2021
2021-000687-CP-02,Miami Dade,15/02/2021
2021-000688-CP-02,Miami Dade,15/02/2021
2021-000689-CP-02,Miami Dade,15/02/2021
2021-000692-CP-02,Miami Dade,15/02/2021
2021-000694-CP-02,Miami Dade,16/02/2021
2021-000696-CP-02,Miami Dade,15/02/2021
2021-000699-CP-02,Miami Dade,16/02/2021
2021-000700-CP-02,Miami Dade,16/02/2021
2021-000703-CP-02,Miami Dade,16/02/2021
2021-000706-CP-02,Miami Dade,16/02/2021
2021-000707-CP-02,Miami Dade,17/02/2021
2021-000708-CP-02,Miami Dade,17/02/2021
2021-000716-CP-02,Miami Dade,17/02/2021
2021-000719-CP-02,Miami Dade,17/02/2021
2021-000723-CP-02,Miami Dade,17/02/2021
2021-000724-CP-02,Miami Dade,17/02/2021
2021-000727-CP-02,Miami Dade,15/02/2021
2021-000731-CP-02,Miami Dade,18/02/2021
2021-000745-CP-02,Miami Dade,18/02/2021
2021-000748-CP-02,Miami Dade,18/02/2021
2021-000749-CP-02,Miami Dade,18/02/2021
2021-000749-CP-02,Miami Dade,18/02/2021
2021-000750-CP-02,Miami Dade,19/02/2021
2021-000752-CP-02,Miami Dade,19/02/2021
2021-000753-CP-02,Miami Dade,19/02/2021
2021-000754-CP-02,Miami Dade,19/02/2021
2021-000755-CP-02,Miami Dade,19/02/2021
2021-000757-CP-02,Miami Dade,19/02/2021
2021-000766-CP-02,Miami Dade,19/02/2021
2021-000775-CP-02,Miami Dade,19/02/2021
2021-000779-CP-02,Miami Dade,22/02/2021
2021-000784-CP-02,Miami Dade,22/02/2021
2021-000785-CP-02,Miami Dade,22/02/2021
2021-000787-CP-02,Miami Dade,22/02/2021
2021-000790-CP-02,Miami Dade,22/02/2021
2021-000792-CP-02,Miami Dade,22/02/2021
2021-000797-CP-02,Miami Dade,22/02/2021
2021-000798-CP-02,Miami Dade,22/02/2021
2021-000799-CP-02,Miami Dade,22/02/2021
2021-000800-CP-02,Miami Dade,22/02/2021
2021-000801-CP-02,Miami Dade,22/02/2021
2021-000802-CP-02,Miami Dade,22/02/2021
2021-000804-CP-02,Miami Dade,23/02/2021
2021-000804-CP-02,Miami Dade,23/02/2021
2021-000807-CP-02,Miami Dade,22/02/2021
2021-000809-CP-02,Miami Dade,23/02/2021
2021-000812-CP-02,Miami Dade,23/02/2021
2021-000813-CP-02,Miami Dade,23/02/2021
2021-000815-CP-02,Miami Dade,23/02/2021
2021-000816-CP-02,Miami Dade,23/02/2021
2021-000818-CP-02,Miami Dade,23/02/2021
2021-000819-CP-02,Miami Dade,23/02/2021
2021-000822-CP-02,Miami Dade,23/02/2021
2021-000824-CP-02,Miami Dade,23/02/2021
2021-000825-CP-02,Miami Dade,23/02/2021
2021-000830-CP-02,Miami Dade,22/02/2021
2021-000832-CP-02,Miami Dade,23/02/2021
2021-000836-CP-02,Miami Dade,23/02/2021
2021-000836-CP-02,Miami Dade,23/02/2021
2021-000837-CP-02,Miami Dade,23/02/2021
2021-000840-CP-02,Miami Dade,24/02/2021
2021-000845-CP-02,Miami Dade,24/02/2021
2021-000846-CP-02,Miami Dade,19/02/2021
2021-000847-CP-02,Miami Dade,26/02/2021
2021-000848-CP-02,Miami Dade,23/02/2021
2021-000852-CP-02,Miami Dade,24/02/2021
2021-000853-CP-02,Miami Dade,24/02/2021
2021-000853-CP-02,Miami Dade,24/02/2021
2021-000857-CP-02,Miami Dade,24/02/2021
2021-000861-CP-02,Miami Dade,25/02/2021
2021-000863-CP-02,Miami Dade,25/02/2021
2021-000864-CP-02,Miami Dade,25/02/2021
2021-000868-CP-02,Miami Dade,25/02/2021
2021-000869-CP-02,Miami Dade,25/02/2021
2021-000871-CP-02,Miami Dade,25/02/2021
2021-000873-CP-02,Miami Dade,25/02/2021
2021-000877-CP-02,Miami Dade,25/02/2021
2021-000878-CP-02,Miami Dade,25/02/2021
2021-000878-CP-02,Miami Dade,25/02/2021
2021-000878-CP-02,Miami Dade,25/02/2021
2021-000880-CP-02,Miami Dade,25/02/2021
2021-000882-CP-02,Miami Dade,25/02/2021
2021-000890-CP-02,Miami Dade,26/02/2021
2021-000891-CP-02,Miami Dade,26/02/2021
2021-000894-CP-02,Miami Dade,26/02/2021
2021-000895-CP-02,Miami Dade,26/02/2021
2021-000898-CP-02,Miami Dade,26/02/2021
2021-000901-CP-02,Miami Dade,26/02/2021
2021-000906-CP-02,Miami Dade,26/02/2021
2021-000910-CP-02,Miami Dade,27/02/2021
2021-000913-CP-02,Miami Dade,27/02/2021
2021-000959-CP-02,Miami Dade,24/02/2021
2021-000006-CP-02,Miami Dade,
2021-000007-CP-02,Miami Dade,
2021-000010-CP-02,Miami Dade,
2021-000017-CP-02,Miami Dade,
2021-000026-CP-02,Miami Dade,
2021-000031-CP-02,Miami Dade,
2021-000034-CP-02,Miami Dade,
2021-000039-CP-02,Miami Dade,
2021-000041-CP-02,Miami Dade,
2021-000043-CP-02,Miami Dade,
2021-000046-CP-02,Miami Dade,20/10/2020
2021-000047-CP-02,Miami Dade,
2021-000049-CP-02,Miami Dade,
2021-000050-CP-02,Miami Dade,
2021-000052-CP-02,Miami Dade,09/11/2020
2021-000058-CP-02,Miami Dade,
2021-000059-CP-02,Miami Dade,
2021-000064-CP-02,Miami Dade,
2021-000066-CP-02,Miami Dade,
2021-000071-CP-02,Miami Dade,
2021-000072-CP-02,Miami Dade,
2021-000073-CP-02,Miami Dade,
2021-000074-CP-02,Miami Dade,
2021-000075-CP-02,Miami Dade,
2021-000077-CP-02,Miami Dade,
2021-000078-CP-02,Miami Dade,
2021-000079-CP-02,Miami Dade,
2021-000080-CP-02,Miami Dade,24/11/2020
2021-000081-CP-02,Miami Dade,31/03/2014
2021-000084-CP-02,Miami Dade,27/10/2020
2021-000085-CP-02,Miami Dade,05/03/2020
2021-000086-CP-02,Miami Dade,18/11/1999
2021-000088-CP-02,Miami Dade,20/08/2013
2021-000091-CP-02,Miami Dade,23/08/2014
2021-000092-CP-02,Miami Dade,19/01/2020
2021-000093-CP-02,Miami Dade,23/07/2019
2021-000095-CP-02,Miami Dade,18/08/2020
2021-000098-CP-02,Miami Dade,14/12/2020
2021-000104-CP-02,Miami Dade,03/10/2020
2021-000108-CP-02,Miami Dade,25/08/2020
2021-000115-CP-02,Miami Dade,01/06/2020
2021-000123-CP-02,Miami Dade,11/12/2020
2021-000125-CP-02,Miami Dade,31/05/2013
2021-000125-CP-02,Miami Dade,31/05/2013
2021-000125-CP-02,Miami Dade,31/05/2013
2021-000127-CP-02,Miami Dade,12/11/2017
2021-000132-CP-02,Miami Dade,18/04/2020
2021-000133-CP-02,Miami Dade,29/09/2020
2021-000134-CP-02,Miami Dade,01/08/2008
2021-000141-CP-02,Miami Dade,01/11/2020
2021-000144-CP-02,Miami Dade,12/05/2020
2021-000145-CP-02,Miami Dade,22/03/2020
2021-000146-CP-02,Miami Dade,31/01/2011
2021-000147-CP-02,Miami Dade,05/05/2020
2021-000156-CP-02,Miami Dade,09/08/2015
2021-000162-CP-02,Miami Dade,18/09/2020
2021-000163-CP-02,Miami Dade,17/12/2018
2021-000164-CP-02,Miami Dade,11/06/2020
2021-000166-CP-02,Miami Dade,02/10/2016
2021-000168-CP-02,Miami Dade,07/12/2020
2021-000169-CP-02,Miami Dade,07/04/2005
2021-000170-CP-02,Miami Dade,30/04/2020
2021-000171-CP-02,Miami Dade,26/11/2018
2021-000174-CP-02,Miami Dade,07/11/2020
2021-000177-CP-02,Miami Dade,02/06/2020
2021-000179-CP-02,Miami Dade,18/12/2020
2021-000180-CP-02,Miami Dade,11/09/2020
2021-000184-CP-02,Miami Dade,12/11/2018
2021-000185-CP-02,Miami Dade,01/11/2017
2021-000189-CP-02,Miami Dade,01/01/2020
2021-000190-CP-02,Miami Dade,30/11/2015
2021-000191-CP-02,Miami Dade,17/08/2020
2021-000192-CP-02,Miami Dade,31/01/2017
2021-000194-CP-02,Miami Dade,05/04/2020
2021-000196-CP-02,Miami Dade,31/10/2020
2021-000198-CP-02,Miami Dade,29/08/2020
2021-000201-CP-02,Miami Dade,12/12/2020
2021-000202-CP-02,Miami Dade,03/04/2020
2021-000203-CP-02,Miami Dade,14/12/2020
2021-000204-CP-02,Miami Dade,07/01/2021
2021-000207-CP-02,Miami Dade,22/09/2020
2021-000208-CP-02,Miami Dade,05/02/2019
2021-000209-CP-02,Miami Dade,25/11/2012
2021-000210-CP-02,Miami Dade,07/07/2020
2021-000213-CP-02,Miami Dade,20/06/2020
2021-000214-CP-02,Miami Dade,07/12/2011
2021-000221-CP-02,Miami Dade,22/12/2016
2021-000224-CP-02,Miami Dade,21/08/2011
2021-000230-CP-02,Miami Dade,14/09/2020
2021-000232-CP-02,Miami Dade,13/11/2020
2021-000237-CP-02,Miami Dade,12/01/2020
2021-000237-CP-02,Miami Dade,12/01/2020
2021-000237-CP-02,Miami Dade,12/01/2020
2021-000244-CP-02,Miami Dade,19/11/2020
2021-000245-CP-02,Miami Dade,25/10/2020
2021-000249-CP-02,Miami Dade,14/03/2020
2021-000254-CP-02,Miami Dade,13/10/2020
2021-000257-CP-02,Miami Dade,02/08/2020
2021-000260-CP-02,Miami Dade,30/10/2019
2021-000261-CP-02,Miami Dade,29/10/2020
2021-000263-CP-02,Miami Dade,09/10/2006
2021-000264-CP-02,Miami Dade,17/10/2020
2021-000265-CP-02,Miami Dade,30/10/2020
2021-000265-CP-02,Miami Dade,30/10/2020
2021-000268-CP-02,Miami Dade,
2021-000274-CP-02,Miami Dade,20/09/2018
2021-000277-CP-02,Miami Dade,10/01/2021
2021-000280-CP-02,Miami Dade,30/11/2020
2021-000283-CP-02,Miami Dade,17/09/2018
2021-000286-CP-02,Miami Dade,25/11/2020
2021-000288-CP-02,Miami Dade,12/12/2020
2021-000289-CP-02,Miami Dade,09/12/2020
2021-000293-CP-02,Miami Dade,09/04/2017
2021-000299-CP-02,Miami Dade,03/11/2019
2021-000300-CP-02,Miami Dade,03/11/2018
2021-000301-CP-02,Miami Dade,31/12/2020
2021-000304-CP-02,Miami Dade,16/07/2020
2021-000307-CP-02,Miami Dade,11/09/2020
2021-000312-CP-02,Miami Dade,11/04/2020
2021-000313-CP-02,Miami Dade,01/10/2020
2021-000318-CP-02,Miami Dade,13/05/2019
2021-000321-CP-02,Miami Dade,23/12/2020
2021-000322-CP-02,Miami Dade,12/12/2014
2021-000323-CP-02,Miami Dade,07/05/2017
2021-000329-CP-02,Miami Dade,05/12/2020
2021-000330-CP-02,Miami Dade,05/08/2020
2021-000337-CP-02,Miami Dade,24/11/2019
2021-000340-CP-02,Miami Dade,26/10/2007
2021-000341-CP-02,Miami Dade,22/10/2020
2021-000344-CP-02,Miami Dade,10/12/2019
2021-000349-CP-02,Miami Dade,07/12/2020
2021-000350-CP-02,Miami Dade,26/07/2020
2021-000351-CP-02,Miami Dade,19/12/2020
2021-000354-CP-02,Miami Dade,20/11/2020
2021-000361-CP-02,Miami Dade,05/11/2020
2021-000362-CP-02,Miami Dade,14/11/2017
2021-000365-CP-02,Miami Dade,18/02/2019
2021-000366-CP-02,Miami Dade,09/09/2020
2021-000379-CP-02,Miami Dade,30/10/2020
2021-000380-CP-02,Miami Dade,18/02/2020
2021-000381-CP-02,Miami Dade,
2021-000383-CP-02,Miami Dade,03/10/2020
2021-000384-CP-02,Miami Dade,25/10/2020
2021-000385-CP-02,Miami Dade,11/12/2020
2021-000391-CP-02,Miami Dade,29/11/2020
2021-000393-CP-02,Miami Dade,26/12/2020
2021-000393-CP-02,Miami Dade,26/12/2020
2021-000397-CP-02,Miami Dade,22/04/2007
2021-000398-CP-02,Miami Dade,01/10/2020
2021-000400-CP-02,Miami Dade,08/01/2021
2021-000402-CP-02,Miami Dade,18/08/2020
2021-000403-CP-02,Miami Dade,24/10/2020
2021-000405-CP-02,Miami Dade,16/01/2021
2021-000410-CP-02,Miami Dade,25/08/2020
2021-000412-CP-02,Miami Dade,23/12/2020
2021-000413-CP-02,Miami Dade,22/09/2020
2021-000417-CP-02,Miami Dade,07/10/2020
2021-000418-CP-02,Miami Dade,
2021-000419-CP-02,Miami Dade,19/11/2020
2021-000423-CP-02,Miami Dade,16/11/2020
2021-000424-CP-02,Miami Dade,22/12/2020
2021-000425-CP-02,Miami Dade,20/06/2020
2021-000426-CP-02,Miami Dade,11/12/2020
2021-000427-CP-02,Miami Dade,27/02/2012
2021-000428-CP-02,Miami Dade,03/08/2020
2021-000923-CP-02,Miami Dade,01/03/2021
2021-000924-CP-02,Miami Dade,01/03/2021
2021-000926-CP-02,Miami Dade,01/03/2021
2021-000927-CP-02,Miami Dade,01/03/2021
2021-000932-CP-02,Miami Dade,01/03/2021
2021-000936-CP-02,Miami Dade,01/03/2021
2021-000938-CP-02,Miami Dade,01/03/2021
2021-000941-CP-02,Miami Dade,01/03/2021
2021-000945-CP-02,Miami Dade,01/03/2021
2021-000946-CP-02,Miami Dade,01/03/2021
2021-000949-CP-02,Miami Dade,01/03/2021
2021-000949-CP-02,Miami Dade,01/03/2021
2021-000952-CP-02,Miami Dade,01/03/2021
2021-000958-CP-02,Miami Dade,01/03/2021
2021-000960-CP-02,Miami Dade,02/03/2021
2021-000961-CP-02,Miami Dade,02/03/2021
2021-000967-CP-02,Miami Dade,02/03/2021
2021-000972-CP-02,Miami Dade,02/03/2021
2021-000973-CP-02,Miami Dade,02/03/2021
2021-000974-CP-02,Miami Dade,02/03/2021
2021-000976-CP-02,Miami Dade,02/03/2021
2021-000979-CP-02,Miami Dade,02/03/2021
2021-000981-CP-02,Miami Dade,02/03/2021
2021-000982-CP-02,Miami Dade,02/03/2021
2021-000985-CP-02,Miami Dade,02/03/2021
2021-000986-CP-02,Miami Dade,02/03/2021
2021-000987-CP-02,Miami Dade,02/03/2021
2021-000991-CP-02,Miami Dade,02/03/2021
2021-000993-CP-02,Miami Dade,02/03/2021
2021-000994-CP-02,Miami Dade,03/03/2021
2021-000995-CP-02,Miami Dade,03/03/2021
2021-000996-CP-02,Miami Dade,03/03/2021
2021-000999-CP-02,Miami Dade,03/03/2021
2021-001001-CP-02,Miami Dade,03/03/2021
2021-001002-CP-02,Miami Dade,03/03/2021
2021-001004-CP-02,Miami Dade,03/03/2021
2021-001005-CP-02,Miami Dade,03/03/2021
2021-001006-CP-02,Miami Dade,03/03/2021
2021-001009-CP-02,Miami Dade,03/03/2021
2021-001011-CP-02,Miami Dade,03/03/2021
2021-001012-CP-02,Miami Dade,03/03/2021
2021-001019-CP-02,Miami Dade,04/03/2021
2021-001020-CP-02,Miami Dade,04/03/2021
2021-001023-CP-02,Miami Dade,08/03/2021
2021-001028-CP-02,Miami Dade,09/03/2021
2021-001033-CP-02,Miami Dade,04/03/2021
2021-001037-CP-02,Miami Dade,04/03/2021
2021-001037-CP-02,Miami Dade,04/03/2021
2021-001039-CP-02,Miami Dade,04/03/2021
2021-001040-CP-02,Miami Dade,04/03/2021
2021-001041-CP-02,Miami Dade,04/03/2021
2021-001043-CP-02,Miami Dade,04/03/2021
2021-001046-CP-02,Miami Dade,05/03/2021
2021-001049-CP-02,Miami Dade,05/03/2021
2021-001050-CP-02,Miami Dade,05/03/2021
2021-001050-CP-02,Miami Dade,05/03/2021
2021-001051-CP-02,Miami Dade,10/03/2021
2021-001054-CP-02,Miami Dade,04/03/2021
2021-001054-CP-02,Miami Dade,04/03/2021
2021-001055-CP-02,Miami Dade,04/03/2021
2021-001056-CP-02,Miami Dade,05/03/2021
2021-001057-CP-02,Miami Dade,05/03/2021
2021-001058-CP-02,Miami Dade,05/03/2021
2021-001060-CP-02,Miami Dade,05/03/2021
2021-001062-CP-02,Miami Dade,05/03/2021
2021-001063-CP-02,Miami Dade,05/03/2021
2021-001064-CP-02,Miami Dade,05/03/2021
2021-001064-CP-02,Miami Dade,05/03/2021
2021-001065-CP-02,Miami Dade,05/03/2021
2021-001066-CP-02,Miami Dade,05/03/2021
2021-001067-CP-02,Miami Dade,07/03/2021
2021-001068-CP-02,Miami Dade,08/03/2021
2021-001070-CP-02,Miami Dade,08/03/2021
2021-001071-CP-02,Miami Dade,08/03/2021
2021-001072-CP-02,Miami Dade,08/03/2021
2021-001074-CP-02,Miami Dade,08/03/2021
2021-001076-CP-02,Miami Dade,08/03/2021
2021-001080-CP-02,Miami Dade,08/03/2021
2021-001085-CP-02,Miami Dade,08/03/2021
2021-001086-CP-02,Miami Dade,08/03/2021
2021-001088-CP-02,Miami Dade,08/03/2021
2021-001089-CP-02,Miami Dade,08/03/2021
2021-001090-CP-02,Miami Dade,08/03/2021
2021-001091-CP-02,Miami Dade,08/03/2021
2021-001093-CP-02,Miami Dade,08/03/2021
2021-001097-CP-02,Miami Dade,09/03/2021
2021-001099-CP-02,Miami Dade,09/03/2021
2021-001100-CP-02,Miami Dade,12/03/2021
2021-001101-CP-02,Miami Dade,09/03/2021
2021-001104-CP-02,Miami Dade,09/03/2021
2021-001105-CP-02,Miami Dade,11/03/2021
2021-001106-CP-02,Miami Dade,06/03/2021
2021-001107-CP-02,Miami Dade,09/03/2021
2021-001113-CP-02,Miami Dade,09/03/2021
2021-001115-CP-02,Miami Dade,09/03/2021
2021-001119-CP-02,Miami Dade,09/03/2021
2021-001120-CP-02,Miami Dade,10/03/2021
2021-001121-CP-02,Miami Dade,10/03/2021
2021-001123-CP-02,Miami Dade,10/03/2021
2021-001124-CP-02,Miami Dade,10/03/2021
2021-001125-CP-02,Miami Dade,10/03/2021
2021-001126-CP-02,Miami Dade,10/03/2021
2021-001141-CP-02,Miami Dade,10/03/2021
2021-001145-CP-02,Miami Dade,10/03/2021
2021-001146-CP-02,Miami Dade,10/03/2021
2021-001147-CP-02,Miami Dade,10/03/2021
2021-001148-CP-02,Miami Dade,10/03/2021
2021-001149-CP-02,Miami Dade,10/03/2021
2021-001150-CP-02,Miami Dade,10/03/2021
2021-001151-CP-02,Miami Dade,11/03/2021
2021-001157-CP-02,Miami Dade,11/03/2021
2021-001160-CP-02,Miami Dade,11/03/2021
2021-001160-CP-02,Miami Dade,11/03/2021
2021-001162-CP-02,Miami Dade,11/03/2021
2021-001164-CP-02,Miami Dade,11/03/2021
2021-001165-CP-02,Miami Dade,11/03/2021
2021-001171-CP-02,Miami Dade,11/03/2021
2021-001175-CP-02,Miami Dade,12/03/2021
2021-001176-CP-02,Miami Dade,12/03/2021
2021-001177-CP-02,Miami Dade,12/03/2021
2021-001181-CP-02,Miami Dade,12/03/2021
2021-001187-CP-02,Miami Dade,12/03/2021
2021-001189-CP-02,Miami Dade,12/03/2021
2021-001192-CP-02,Miami Dade,14/03/2021
2021-001193-CP-02,Miami Dade,15/03/2021
2021-001194-CP-02,Miami Dade,15/03/2021
2021-001195-CP-02,Miami Dade,15/03/2021
2021-001199-CP-02,Miami Dade,11/03/2021
2021-001200-CP-02,Miami Dade,12/03/2021
2021-001201-CP-02,Miami Dade,12/03/2021
2021-001204-CP-02,Miami Dade,12/03/2021
2021-001207-CP-02,Miami Dade,15/03/2021
2021-001209-CP-02,Miami Dade,15/03/2021
2021-001211-CP-02,Miami Dade,15/03/2021
2021-001216-CP-02,Miami Dade,15/03/2021
2021-001218-CP-02,Miami Dade,15/03/2021
2021-001219-CP-02,Miami Dade,15/03/2021
2021-001220-CP-02,Miami Dade,15/03/2021
2021-001221-CP-02,Miami Dade,15/03/2021
2021-001222-CP-02,Miami Dade,15/03/2021
2021-001222-CP-02,Miami Dade,15/03/2021
2021-001224-CP-02,Miami Dade,15/03/2021
2021-001225-CP-02,Miami Dade,15/03/2021
2021-001226-CP-02,Miami Dade,15/03/2021
2021-001226-CP-02,Miami Dade,15/03/2021
2021-001226-CP-02,Miami Dade,15/03/2021
2021-001226-CP-02,Miami Dade,15/03/2021
2021-001228-CP-02,Miami Dade,15/03/2021
2021-001231-CP-02,Miami Dade,16/03/2021
2021-001232-CP-02,Miami Dade,16/03/2021
2021-001237-CP-02,Miami Dade,16/03/2021
2021-001238-CP-02,Miami Dade,12/03/2021
2021-001239-CP-02,Miami Dade,08/03/2021
2021-001243-CP-02,Miami Dade,16/03/2021
2021-001244-CP-02,Miami Dade,16/03/2021
2021-001245-CP-02,Miami Dade,16/03/2021
2021-001246-CP-02,Miami Dade,16/03/2021
2021-001248-CP-02,Miami Dade,16/03/2021
2021-001250-CP-02,Miami Dade,16/03/2021
2021-001250-CP-02,Miami Dade,16/03/2021
2021-001252-CP-02,Miami Dade,16/03/2021
2021-001254-CP-02,Miami Dade,16/03/2021
2021-001261-CP-02,Miami Dade,17/03/2021
2021-001263-CP-02,Miami Dade,17/03/2021
2021-001264-CP-02,Miami Dade,17/03/2021
2021-001268-CP-02,Miami Dade,17/03/2021
2021-001269-CP-02,Miami Dade,17/03/2021
2021-001272-CP-02,Miami Dade,17/03/2021
2021-001274-CP-02,Miami Dade,18/03/2021
2021-001276-CP-02,Miami Dade,18/03/2021
2021-001280-CP-02,Miami Dade,18/03/2021
2021-001281-CP-02,Miami Dade,18/03/2021
2021-001282-CP-02,Miami Dade,18/03/2021
2021-001283-CP-02,Miami Dade,18/03/2021
2021-001289-CP-02,Miami Dade,18/03/2021
2021-001291-CP-02,Miami Dade,18/03/2021
2021-001292-CP-02,Miami Dade,18/03/2021
2021-001293-CP-02,Miami Dade,19/03/2021
2021-001294-CP-02,Miami Dade,19/03/2021
2021-001297-CP-02,Miami Dade,19/03/2021
2021-001300-CP-02,Miami Dade,19/03/2021
2021-001303-CP-02,Miami Dade,19/03/2021
2021-001307-CP-02,Miami Dade,22/03/2021
2021-001308-CP-02,Miami Dade,22/03/2021
2021-001311-CP-02,Miami Dade,22/03/2021
2021-001312-CP-02,Miami Dade,19/03/2021
2021-001315-CP-02,Miami Dade,22/03/2021
2021-001316-CP-02,Miami Dade,19/03/2021
2021-001317-CP-02,Miami Dade,19/03/2021
2021-001318-CP-02,Miami Dade,20/03/2021
2021-001319-CP-02,Miami Dade,19/03/2021
2021-001322-CP-02,Miami Dade,20/03/2021
2021-001326-CP-02,Miami Dade,22/03/2021
2021-001329-CP-02,Miami Dade,22/03/2021
2021-001329-CP-02,Miami Dade,22/03/2021
2021-001329-CP-02,Miami Dade,22/03/2021
2021-001330-CP-02,Miami Dade,23/03/2021
2021-001332-CP-02,Miami Dade,19/03/2021
2021-001334-CP-02,Miami Dade,23/03/2021
2021-001335-CP-02,Miami Dade,23/03/2021
2021-001341-CP-02,Miami Dade,23/03/2021
2021-001343-CP-02,Miami Dade,23/03/2021
2021-001357-CP-02,Miami Dade,23/03/2021
2021-001358-CP-02,Miami Dade,23/03/2021
2021-001359-CP-02,Miami Dade,23/03/2021
2021-001363-CP-02,Miami Dade,23/03/2021
2021-001370-CP-02,Miami Dade,24/03/2021
2021-001372-CP-02,Miami Dade,24/03/2021
2021-001384-CP-02,Miami Dade,24/03/2021
2021-001385-CP-02,Miami Dade,24/03/2021
2021-001387-CP-02,Miami Dade,24/03/2021
2021-001388-CP-02,Miami Dade,24/03/2021
2021-001389-CP-02,Miami Dade,24/03/2021
2021-001391-CP-02,Miami Dade,24/03/2021
2021-001400-CP-02,Miami Dade,25/03/2021
2021-001401-CP-02,Miami Dade,25/03/2021
2021-001402-CP-02,Miami Dade,25/03/2021
2021-001403-CP-02,Miami Dade,25/03/2021
2021-001404-CP-02,Miami Dade,25/03/2021
2021-001409-CP-02,Miami Dade,25/03/2021
2021-001414-CP-02,Miami Dade,29/03/2021
2021-001415-CP-02,Miami Dade,30/03/2021
2021-001417-CP-02,Miami Dade,26/03/2021
2021-001418-CP-02,Miami Dade,26/03/2021
2021-001420-CP-02,Miami Dade,25/03/2021
2021-001421-CP-02,Miami Dade,26/03/2021
2021-001422-CP-02,Miami Dade,26/03/2021
2021-001426-CP-02,Miami Dade,26/03/2021
2021-001427-CP-02,Miami Dade,26/03/2021
2021-001428-CP-02,Miami Dade,26/03/2021
2021-001430-CP-02,Miami Dade,26/03/2021
2021-001434-CP-02,Miami Dade,26/03/2021
2021-001438-CP-02,Miami Dade,26/03/2021
2021-001439-CP-02,Miami Dade,26/03/2021
2021-001441-CP-02,Miami Dade,26/03/2021
2021-001449-CP-02,Miami Dade,27/03/2021
2021-001451-CP-02,Miami Dade,29/03/2021
2021-001453-CP-02,Miami Dade,29/03/2021
2021-001454-CP-02,Miami Dade,29/03/2021
2021-001456-CP-02,Miami Dade,29/03/2021
2021-001464-CP-02,Miami Dade,29/03/2021
2021-001465-CP-02,Miami Dade,29/03/2021
2021-001466-CP-02,Miami Dade,29/03/2021
2021-001466-CP-02,Miami Dade,29/03/2021
2021-001467-CP-02,Miami Dade,29/03/2021
2021-001469-CP-02,Miami Dade,30/03/2021
2021-001476-CP-02,Miami Dade,30/03/2021
2021-001477-CP-02,Miami Dade,30/03/2021
2021-001479-CP-02,Miami Dade,30/03/2021
2021-001479-CP-02,Miami Dade,30/03/2021
2021-001480-CP-02,Miami Dade,30/03/2021
2021-001482-CP-02,Miami Dade,30/03/2021
2021-001486-CP-02,Miami Dade,30/03/2021
2021-001487-CP-02,Miami Dade,30/03/2021
2021-001494-CP-02,Miami Dade,30/03/2021
2021-001496-CP-02,Miami Dade,30/03/2021
2021-001498-CP-02,Miami Dade,30/03/2021
2021-001499-CP-02,Miami Dade,30/03/2021
2021-001500-CP-02,Miami Dade,30/03/2021
2021-001502-CP-02,Miami Dade,30/03/2021
2021-001504-CP-02,Miami Dade,30/03/2021
2021-001507-CP-02,Miami Dade,31/03/2021
2021-001509-CP-02,Miami Dade,31/03/2021
2021-001511-CP-02,Miami Dade,31/03/2021
2021-001512-CP-02,Miami Dade,31/03/2021
2021-001513-CP-02,Miami Dade,31/03/2021
2021-001513-CP-02,Miami Dade,31/03/2021
2021-001515-CP-02,Miami Dade,31/03/2021
2021-001516-CP-02,Miami Dade,31/03/2021
2021-001519-CP-02,Miami Dade,31/03/2021
2021-001520-CP-02,Miami Dade,31/03/2021
2021-001521-CP-02,Miami Dade,31/03/2021
2021-001524-CP-02,Miami Dade,31/03/2021
2021-001528-CP-02,Miami Dade,31/03/2021
2021-001529-CP-02,Miami Dade,31/03/2021
2021-001531-CP-02,Miami Dade,31/03/2021
2021-001532-CP-02,Miami Dade,31/03/2021
2021-001533-CP-02,Miami Dade,31/03/2021
