Case Number Tax,Sale Date,Add Date,Status,Final Judgment,Opening Bid,Assessed Value,Folio
2020A01138,03/11/2021,01/04/2021,Accepting Proxy,0,4402.21,12459.0,131230120800
2020A01144,03/11/2021,01/04/2021,Accepting Proxy,0,8828.67,78279.0,131140351410
2020A01146,03/11/2021,01/04/2021,Accepting Proxy,0,12002.91,149729.0,131130510360
2020A01147,03/11/2021,01/04/2021,Accepting Proxy,0,12549.33,133618.0,131130240730
2020A01148,03/11/2021,01/05/2021,Accepting Proxy,0,4299.37,61635.0,3021140100310
2020A01150,03/11/2021,01/05/2021,Accepting Proxy,0,9292.29,146032.0,3078260000180
2020A01154,03/11/2021,01/05/2021,Accepting Proxy,0,6887.98,59145.0,3031220250320
2020A01155,03/11/2021,01/05/2021,Accepting Proxy,0,11653.11,73188.0,3022050481500
2020A01156,03/11/2021,01/05/2021,Accepting Proxy,0,1830.67,24000.0,3079060000295
2020A01157,03/11/2021,01/05/2021,Accepting Proxy,0,3934.08,34878.0,3421120370760
2020A01151,03/11/2021,01/06/2021,Accepting Proxy,0,15765.58,92662.0,3022050331690
2020A01158,03/11/2021,01/06/2021,Accepting Proxy,0,7719.55,120250.0,3058150001073
2020A01200,03/11/2021,01/06/2021,Accepting Proxy,0,10567.88,105750.0,131240011670
2020A01201,03/11/2021,01/06/2021,Accepting Proxy,0,25478.36,329034.0,131240240850
2020A01202,03/11/2021,01/06/2021,Accepting Proxy,0,36528.09,386420.0,132310680340
2020A01206,03/11/2021,01/06/2021,Accepting Proxy,0,99310.38,952065.0,132300200240
2020A01207,03/11/2021,01/07/2021,Accepting Proxy,0,11702.71,93089.0,131130520175
2020A01208,03/11/2021,01/07/2021,Accepting Proxy,0,1407.17,289360.0,141381573330
2020A01209,03/11/2021,01/07/2021,Accepting Proxy,0,27692.79,499653.0,141381491890
2020A01211,03/11/2021,01/07/2021,Accepting Proxy,0,51358.34,762147.0,101080901160
2020A01212,03/11/2021,01/07/2021,Accepting Proxy,0,20191.12,218586.0,132310480216
2019A00933,03/11/2021,01/07/2021,Accepting Proxy,0,9723.8,121683.0,2730030104830
2020A00192,03/11/2021,01/08/2021,Accepting Proxy,0,103096.03,1023000.0,3122110620240
2020A01218,03/11/2021,01/08/2021,Accepting Proxy,0,113112.34,755212.0,232020100362
2020A00974,03/11/2021,01/08/2021,Accepting Proxy,0,8191.22,86708.0,3060180030751
2020A00984,03/11/2021,01/08/2021,Accepting Proxy,0,57916.38,102847.0,3421090151060
2020A01054,03/11/2021,01/08/2021,Accepting Proxy,0,7631.74,102007.0,141040530460
2020A01068,03/11/2021,01/08/2021,Accepting Proxy,0,238523.84,427407.0,341190041210
2020A01133,03/11/2021,01/08/2021,Accepting Proxy,0,8425.48,63156.0,131230210040
2020A01134,03/11/2021,01/08/2021,Accepting Proxy,0,5444.36,46966.0,131230180100
2020A01135,03/11/2021,01/08/2021,Accepting Proxy,0,4462.21,,430120090760
2020A01136,03/11/2021,01/08/2021,Accepting Proxy,0,6507.58,,131370280060
2020A01159,03/11/2021,01/11/2021,Accepting Proxy,0,2711.6,35237.0,142070013661
2020A01160,03/11/2021,01/11/2021,Accepting Proxy,0,8118.3,106700.0,232230140150
2020A01166,03/11/2021,01/11/2021,Accepting Proxy,0,13123.36,219729.0,141030300140
2020A01167,03/11/2021,01/11/2021,Accepting Proxy,0,11686.22,146278.0,131260380480
2020A01170,03/11/2021,01/11/2021,Accepting Proxy,0,12280.51,157100.0,132180700340
2020A01188,03/11/2021,01/11/2021,Accepting Proxy,0,8871.34,100462.0,3530210200230
2020A01189,03/11/2021,01/11/2021,Accepting Proxy,0,8726.71,100462.0,3530210202260
2020A01190,03/11/2021,01/11/2021,Accepting Proxy,0,12617.12,261650.0,3530190070940
2020A01196,03/11/2021,01/11/2021,Accepting Proxy,0,17569.26,206150.0,141213500180
2020A01198,03/11/2021,01/11/2021,Accepting Proxy,0,12118.12,204342.0,141391163910
2020A01000,02/18/2021,01/27/2021,Canceled,0,645.68,,3059030240250
2020A01193,04/08/2021,01/27/2021,Accepting Proxy,0,17782.07,271654.0,141050280240
2020A01280,04/08/2021,01/27/2021,Accepting Proxy,0,6928.8,260000.0,3530190391310
2020A01099,04/08/2021,01/27/2021,Accepting Proxy,0,6897.61,68910.0,3031220142400
2020A01281,04/08/2021,01/27/2021,Accepting Proxy,0,59975.69,106508.0,3022070160370
2020A01174,04/08/2021,01/28/2021,Accepting Proxy,0,15772.72,205700.0,232330390580
2020A01194,04/08/2021,01/28/2021,Accepting Proxy,0,25088.8,256518.0,132310681090
2020A01376,04/08/2021,01/28/2021,Accepting Proxy,0,7153.56,133200.0,232340500200
2020A01179,04/08/2021,01/28/2021,Accepting Proxy,0,25971.89,281465.0,141370622140
2020A01180,04/08/2021,01/28/2021,Accepting Proxy,0,59456.43,469609.0,132190090280
2020A01397,04/08/2021,01/28/2021,Accepting Proxy,0,21253.94,260942.0,3421140070331
2020A01262,04/08/2021,01/28/2021,Accepting Proxy,0,14693.64,196700.0,2812350860390
2020A01181,04/08/2021,01/28/2021,Accepting Proxy,0,73414.24,1573074.0,131250330010
2020A01263,04/08/2021,01/28/2021,Accepting Proxy,0,3986.73,51989.0,3021140100760
2020A01398,04/08/2021,01/28/2021,Accepting Proxy,0,2799.59,25824.0,3069120080290
2020A01399,04/08/2021,01/28/2021,Accepting Proxy,0,1656.14,8784.0,3078260060700
2020A01267,04/08/2021,01/29/2021,Accepting Proxy,0,4377.84,89169.0,3049330130310
2020A01401,04/08/2021,01/29/2021,Accepting Proxy,0,7216.01,9825.0,3031150055410
2020A01268,04/08/2021,01/29/2021,Accepting Proxy,0,8931.89,142000.0,3530220290430
2020A01402,04/08/2021,01/29/2021,Accepting Proxy,0,2946.06,21175.0,3031210330050
2020A01270,04/08/2021,01/29/2021,Accepting Proxy,0,10350.43,88511.0,1079290143560
2020A01404,04/08/2021,01/29/2021,Accepting Proxy,0,848.84,19057.0,3031150350070
2020A01264,04/08/2021,01/29/2021,Accepting Proxy,0,8784.86,138200.0,3040320380050
2020A01271,04/08/2021,01/29/2021,Accepting Proxy,0,7207.91,96089.0,3030531161090
2020A00758,04/08/2021,01/26/2021,Accepting Proxy,0,14435.24,313310.0,1222260432960
2020A00862,04/08/2021,01/26/2021,Accepting Proxy,0,13876.84,192280.0,3022320610510
2020A01182,04/08/2021,01/26/2021,Accepting Proxy,0,151264.64,1309138.0,232270450980
2020A01296,04/08/2021,01/26/2021,Accepting Proxy,0,2633.18,94919.0,3049120831410
2020A01297,04/08/2021,01/26/2021,Accepting Proxy,0,77049.63,136964.0,3049230080990
2020A01183,04/08/2021,01/26/2021,Accepting Proxy,0,126235.32,221998.0,141090360400
2020A00876,04/08/2021,01/26/2021,Accepting Proxy,0,2572.03,18355.0,3031210231130
2020A01184,04/08/2021,01/26/2021,Accepting Proxy,0,37721.08,405460.0,131250871690
2020A01304,04/08/2021,01/26/2021,Accepting Proxy,0,24525.27,265000.0,2822020232080
2020A00971,04/08/2021,01/26/2021,Accepting Proxy,0,10551.98,311000.0,3530070061260
2020A01305,04/08/2021,01/26/2021,Accepting Proxy,0,8272.13,90000.0,2822100041700
2020A00991,04/08/2021,01/26/2021,Accepting Proxy,0,4745.42,42050.0,3421120370130
2020A01027,04/08/2021,01/26/2021,Accepting Proxy,0,11475.65,148555.0,3660170070120
2020A01187,04/08/2021,01/27/2021,Accepting Proxy,0,16979.45,167873.0,142070041770
2020A01273,04/08/2021,01/27/2021,Accepting Proxy,0,31915.69,362000.0,232330630780
2020A01036,04/08/2021,01/27/2021,Accepting Proxy,0,11115.08,126339.0,621260163080
2020A01191,04/08/2021,01/27/2021,Accepting Proxy,0,4901.44,327764.0,140010120220
2020A01276,04/08/2021,01/27/2021,Accepting Proxy,0,9304.52,126000.0,2540060830060
2020A01307,04/08/2021,01/27/2021,Accepting Proxy,0,67202.93,119551.0,3022060510320
2020A01347,04/08/2021,01/27/2021,Accepting Proxy,0,10601.77,125000.0,3059080150070
2020A01363,04/08/2021,01/27/2021,Accepting Proxy,0,7116.93,143617.0,1078120140080
2020A01192,04/08/2021,01/27/2021,Accepting Proxy,0,10145.26,58800.0,131230060930
2020A01277,04/08/2021,01/27/2021,Accepting Proxy,0,80412.15,153817.0,132300880140
2020A01055,04/08/2021,01/27/2021,Accepting Proxy,0,146273.86,667708.0,141212160140
2020A01279,04/08/2021,01/27/2021,Accepting Proxy,0,7478.18,110905.0,3122110352540
2020A01282,04/08/2021,02/01/2021,Accepting Proxy,0,3055.27,116550.0,3040040961160
2020A01283,04/08/2021,02/01/2021,Accepting Proxy,0,10124.93,139162.0,3069350010050
2020A01284,04/08/2021,02/01/2021,Accepting Proxy,0,13273.48,173125.0,621260160100
2020A01287,04/08/2021,02/01/2021,Accepting Proxy,0,5628.92,56367.0,3022190740020
2020A01288,04/08/2021,02/01/2021,Accepting Proxy,0,2824.3,111892.0,3220130170080
2020A01291,04/08/2021,02/01/2021,Accepting Proxy,0,3788.33,34663.0,622300780380
2020A01292,04/08/2021,02/01/2021,Accepting Proxy,0,17632.18,271289.0,722070310010
2020A01293,04/08/2021,02/01/2021,Accepting Proxy,0,14567.88,118987.0,1079100060040
2020A01294,04/08/2021,02/01/2021,Accepting Proxy,0,3572.67,154350.0,3040030440680
2020A01249,04/22/2021,02/02/2021,Accepting Proxy,0,8701.21,126331.0,3049331050440
2020A01328,04/22/2021,02/02/2021,Accepting Proxy,0,38796.25,448960.0,1322271140400
2020A00169,04/22/2021,02/02/2021,Accepting Proxy,0,124211.94,183509.0,622290490670
2020A01330,04/22/2021,02/02/2021,Accepting Proxy,0,8958.77,119350.0,2332090360100
2020A01215,04/22/2021,02/02/2021,Accepting Proxy,0,6424.77,312056.0,232260180040
2020A01250,04/22/2021,02/02/2021,Accepting Proxy,0,14315.8,152992.0,3411330150310
2020A01331,04/22/2021,02/02/2021,Accepting Proxy,0,19509.88,31568.0,3421050140260
2020A01359,04/22/2021,02/02/2021,Accepting Proxy,0,30355.43,476052.0,242030971290
2020A01332,04/22/2021,02/02/2021,Accepting Proxy,0,11523.57,129000.0,242033180030
2020A01216,04/22/2021,02/02/2021,Accepting Proxy,0,8526.77,120000.0,232020220050
2020A01217,04/22/2021,02/02/2021,Accepting Proxy,0,37039.77,65339.0,131220141190
2020A01360,04/22/2021,02/02/2021,Accepting Proxy,0,3386.33,128200.0,420281040270
2020A01251,04/22/2021,02/02/2021,Accepting Proxy,0,105216.13,185531.0,3421160061380
2020A01253,04/22/2021,02/02/2021,Accepting Proxy,0,7789.09,112700.0,420350550210
2020A01361,04/22/2021,02/02/2021,Accepting Proxy,0,95874.02,172920.0,430020480030
2020A01219,04/22/2021,02/02/2021,Accepting Proxy,0,12986.28,178493.0,131140190520
2020A01254,04/22/2021,02/02/2021,Accepting Proxy,0,159790.85,281700.0,421320070630
2020A01221,04/22/2021,02/02/2021,Accepting Proxy,0,8901.96,191100.0,232021380240
2020A01222,04/22/2021,02/02/2021,Accepting Proxy,0,21328.03,345060.0,141381631240
2020A01362,04/22/2021,02/02/2021,Accepting Proxy,0,6461.96,59840.0,622200552090
2020A01333,04/22/2021,02/03/2021,Accepting Proxy,0,43454.65,79290.0,420270700620
2020A01334,04/22/2021,02/03/2021,Accepting Proxy,0,8773.57,98600.0,420250851550
2020A01337,04/22/2021,02/03/2021,Accepting Proxy,0,86599.47,158041.0,431200150530
2020A01256,04/22/2021,02/03/2021,Accepting Proxy,0,4442.89,37919.0,622290780620
2020A01338,04/22/2021,02/03/2021,Accepting Proxy,0,14143.39,190000.0,722150190460
2020A01364,04/22/2021,02/03/2021,Accepting Proxy,0,97329.86,1012560.0,3022320751480
2020A01340,04/22/2021,02/03/2021,Accepting Proxy,0,5786.92,83520.0,3122020341990
2020A01365,04/22/2021,02/03/2021,Accepting Proxy,0,28915.94,349096.0,3049100630140
2020A01366,04/22/2021,02/03/2021,Accepting Proxy,0,16484.91,176390.0,3049330051880
2020A01341,04/22/2021,02/03/2021,Accepting Proxy,0,18797.7,206000.0,3122140180280
2020A01367,04/22/2021,02/03/2021,Accepting Proxy,0,14060.57,145909.0,3069130060150
2020A01259,04/22/2021,02/04/2021,Accepting Proxy,0,15369.17,229755.0,431050012800
2020A01257,04/22/2021,02/04/2021,Accepting Proxy,0,5125.14,94900.0,431180220270
2020A01343,04/22/2021,02/04/2021,Accepting Proxy,0,72399.88,129803.0,3021340050440
2020A01310,04/22/2021,02/04/2021,Accepting Proxy,0,6803.98,108684.0,3058220000250
2020A01223,04/22/2021,02/04/2021,Accepting Proxy,0,71798.17,792911.0,142060611390
2020A01312,04/22/2021,02/04/2021,Accepting Proxy,0,2217.13,446132.0,3530180051610
2020A01313,04/22/2021,02/04/2021,Accepting Proxy,0,8477.64,243000.0,3530080131390
2020A01314,04/22/2021,02/04/2021,Accepting Proxy,0,16301.57,169000.0,242033560100
2020A01344,04/22/2021,02/04/2021,Accepting Proxy,0,16282.89,152207.0,3031120230801
2020A01315,04/22/2021,02/04/2021,Accepting Proxy,0,5058.37,42853.0,722070700040
2020A01224,04/22/2021,02/05/2021,Accepting Proxy,0,10194.67,480009.0,102010201180
2020A01227,04/22/2021,02/05/2021,Accepting Proxy,0,14300.62,152373.0,141210060110
2020A01228,04/22/2021,02/05/2021,Accepting Proxy,0,22755.1,243550.0,131330100140
2020A01229,04/22/2021,02/05/2021,Accepting Proxy,0,96882.16,171843.0,131240161350
2020A01230,04/22/2021,02/05/2021,Accepting Proxy,0,24195.6,327737.0,131140190500
2020A01368,04/22/2021,02/05/2021,Accepting Proxy,0,34438.47,336237.0,3122110740540
2020A01346,04/22/2021,02/05/2021,Accepting Proxy,0,38526.05,65551.0,3031110400161
2020A01372,04/22/2021,02/05/2021,Accepting Proxy,0,4404.83,27196.0,622290780070
2020A01240,04/22/2021,02/05/2021,Accepting Proxy,0,15081.37,,3030350140280
2020A01350,04/22/2021,02/05/2021,Accepting Proxy,0,140616.33,,3059340200060
2020A01245,04/22/2021,02/05/2021,Accepting Proxy,0,88300.91,,3040100150510
2020A01374,04/22/2021,02/05/2021,Accepting Proxy,0,113419.01,,232330470820
2020A01375,04/22/2021,02/05/2021,Accepting Proxy,0,139682.68,,141390822280
2020A01318,04/22/2021,02/08/2021,Accepting Proxy,0,38708.42,632940.0,2442320220310
2020A01320,04/22/2021,02/08/2021,Accepting Proxy,0,10540.01,133100.0,3020110831380
2020A01246,04/22/2021,02/08/2021,Accepting Proxy,0,5133.36,47410.0,3421050162580
2020A01352,04/22/2021,02/08/2021,Accepting Proxy,0,25658.7,338962.0,431080072900
2020A01248,04/22/2021,02/08/2021,Accepting Proxy,0,13224.06,171150.0,3660160190350
2020A01354,04/22/2021,02/08/2021,Accepting Proxy,0,11633.2,132600.0,2822100143210
2020A01355,04/22/2021,02/08/2021,Accepting Proxy,0,10349.86,106076.0,2730030103380
2020A01356,04/22/2021,02/09/2021,Accepting Proxy,0,42475.4,73364.0,3031150000070
2020A01321,04/22/2021,02/09/2021,Accepting Proxy,0,16117.37,332501.0,3050290410170
2020A01357,04/22/2021,02/09/2021,Canceled,0,19717.32,220000.0,3050030470550
2020A01322,04/22/2021,02/09/2021,Accepting Proxy,0,50310.63,516425.0,3122020080170
2020A01358,04/22/2021,02/09/2021,Accepting Proxy,0,135439.91,233994.0,3350340090120
2020A01353,04/22/2021,02/09/2021,Accepting Proxy,0,28132.58,127966.0,1540120161150
2020A01377,04/22/2021,02/09/2021,Accepting Proxy,0,11613.09,149100.0,3040040963860
2020A01323,04/22/2021,02/09/2021,Accepting Proxy,0,53824.54,90422.0,3411330200300
2020A01379,04/22/2021,02/09/2021,Accepting Proxy,0,29997.8,327690.0,1222260461000
2020A01380,04/22/2021,02/09/2021,Accepting Proxy,0,17752.17,207200.0,2822020291980
2020A01382,04/22/2021,02/09/2021,Accepting Proxy,0,38663.78,359400.0,2822100701740
2020A01383,04/22/2021,02/09/2021,Accepting Proxy,0,21243.24,243000.0,3122020482340
2020A01324,04/22/2021,02/10/2021,Accepting Proxy,0,38103.66,444228.0,3530190250020
2020A01384,04/22/2021,02/10/2021,Accepting Proxy,0,13058.71,139700.0,3049330220540
2020A01325,04/22/2021,02/10/2021,Accepting Proxy,0,9509.69,223000.0,3530290630060
2019A01185,03/11/2021,02/19/2021,Canceled,0,39916.43,,232330792510
2020A00736,03/11/2021,02/19/2021,Canceled,0,8234.76,317000.0,232330691550
2020A00331,03/11/2021,02/24/2021,Canceled,0,815.53,,3050320000432
2020A01513,05/13/2021,02/24/2021,Accepting Proxy,0,8527.13,86000.0,232110810170
2020A00029,05/13/2021,02/24/2021,Accepting Proxy,0,16163.56,221895.0,3040030060660
2020A01457,05/13/2021,02/25/2021,Accepting Proxy,0,5700.45,38172.0,622290780770
2020A01514,05/13/2021,02/25/2021,Accepting Proxy,0,119506.18,206288.0,3069340040400
2020A00479,05/13/2021,02/25/2021,Accepting Proxy,0,45038.24,35659.0,622290660190
2020A01433,05/13/2021,02/25/2021,Accepting Proxy,0,10758.09,254100.0,3050190016270
2020A01458,05/13/2021,02/25/2021,Accepting Proxy,0,31343.62,340022.0,421320130210
2020A01515,05/13/2021,02/25/2021,Accepting Proxy,0,3506.69,31500.0,3069350000151
2020A01435,05/13/2021,02/25/2021,Accepting Proxy,0,51120.7,230000.0,3059030331770
2020A01517,05/13/2021,02/25/2021,Accepting Proxy,0,10152.11,132100.0,3031090160132
2020A01518,05/13/2021,02/25/2021,Accepting Proxy,0,2656.47,21750.0,3069350000150
2020A01436,05/13/2021,02/25/2021,Accepting Proxy,0,12980.68,54450.0,1079180080860
2020A01437,05/13/2021,02/25/2021,Accepting Proxy,0,1515.12,9293.0,3031210261350
2020A01460,05/13/2021,02/25/2021,Accepting Proxy,0,5616.62,55104.0,3058110001920
2020A01461,05/13/2021,02/25/2021,Accepting Proxy,0,19288.48,209090.0,242031680190
2020A01520,05/13/2021,02/25/2021,Accepting Proxy,0,4136.81,44550.0,131130380120
2020A01462,05/13/2021,02/26/2021,Accepting Proxy,0,6478.98,,3059220160120
2020A01463,05/13/2021,02/26/2021,Accepting Proxy,0,9597.62,,420341210240
2020A01464,05/13/2021,02/26/2021,Accepting Proxy,0,26982.88,,242031551240
2020A01438,05/13/2021,02/26/2021,Accepting Proxy,0,2175.15,,3031210261200
2020A01465,05/13/2021,02/26/2021,Accepting Proxy,0,42034.33,,1079210251500
2020A01466,05/13/2021,02/26/2021,Accepting Proxy,0,8220.11,,722090192100
2020A01439,05/13/2021,02/26/2021,Accepting Proxy,0,1992.59,,3031210100010
2020A01467,05/13/2021,02/26/2021,Accepting Proxy,0,19191.95,,821210024520
2020A00776,05/13/2021,02/26/2021,Accepting Proxy,0,11270.43,,1079290132560
2020A00784,05/13/2021,02/26/2021,Accepting Proxy,0,6381.37,,2730030102590
2020A01503,05/13/2021,02/23/2021,Accepting Proxy,0,28668.88,42497.0,2220300060011
2020A01504,05/13/2021,02/23/2021,Accepting Proxy,0,7781.69,47798.0,131130241540
2020A01505,05/13/2021,02/23/2021,Canceled,0,15551.03,108007.0,131230210020
2016A00480,05/13/2021,02/23/2021,Accepting Proxy,0,40537.14,34920.0,3030520753720
2020A01417,05/13/2021,02/23/2021,Accepting Proxy,0,11038.95,136007.0,3040310190150
2020A01506,05/13/2021,02/23/2021,Accepting Proxy,0,3079.35,25634.0,3049090170830
2018A00858,05/13/2021,02/23/2021,Accepting Proxy,0,3902.89,32635.0,131140410620
2020A01418,05/13/2021,02/24/2021,Accepting Proxy,0,11323.44,125000.0,3122110331520
2020A01419,05/13/2021,02/24/2021,Accepting Proxy,0,39139.05,427673.0,3530190500410
2020A01420,05/13/2021,02/24/2021,Accepting Proxy,0,5109.96,52208.0,3122140450330
2020A01422,05/13/2021,02/24/2021,Accepting Proxy,0,21696.13,220900.0,3530190180820
2020A01510,05/13/2021,02/24/2021,Accepting Proxy,0,9638.49,114000.0,3059090470120
2020A01423,05/13/2021,02/24/2021,Accepting Proxy,0,18555.0,159786.0,622210361010
2020A01424,05/13/2021,02/24/2021,Accepting Proxy,0,6034.57,71039.0,3012310330170
2020A01430,05/13/2021,02/24/2021,Accepting Proxy,0,4069.82,14722.0,131140350850
2020A01512,05/13/2021,02/24/2021,Accepting Proxy,0,1313.43,157823.0,3031110340210
2018A00861,05/13/2021,02/24/2021,Accepting Proxy,0,13223.61,22703.0,131360670410
2020A01431,05/13/2021,02/24/2021,Accepting Proxy,0,15980.26,56980.0,131230140060
2018A00871,05/13/2021,02/24/2021,Accepting Proxy,0,3950.37,33204.0,131120180060
2020A01432,05/13/2021,02/24/2021,Accepting Proxy,0,2197.49,13682.0,3421080190700
2020A01468,05/13/2021,03/01/2021,Accepting Proxy,0,3644.63,37908.0,3022060080100
2020A01474,05/13/2021,03/01/2021,Accepting Proxy,0,6684.06,100896.0,3049331123750
2020A00885,05/13/2021,03/01/2021,Accepting Proxy,0,13545.22,173700.0,2812350111480
2020A01475,05/13/2021,03/01/2021,Accepting Proxy,0,2676.37,19500.0,3069350000071
2020A01476,05/13/2021,03/01/2021,Accepting Proxy,0,4156.03,38250.0,3069350000074
2020A00900,05/13/2021,03/01/2021,Accepting Proxy,0,7736.86,74304.0,3022320930070
2020A01480,05/13/2021,03/01/2021,Accepting Proxy,0,3677.7,24250.0,131140352280
2020A01481,05/13/2021,03/01/2021,Accepting Proxy,0,10695.03,86103.0,131230140010
2020A00929,05/13/2021,03/01/2021,Accepting Proxy,0,10254.41,101680.0,3069120230620
2020A01482,05/13/2021,03/01/2021,Canceled,0,4082.55,44792.0,131230380150
2020A00933,05/13/2021,03/01/2021,Accepting Proxy,0,53044.55,204163.0,3411330053010
2020A01521,05/13/2021,03/02/2021,Canceled,0,6433.83,86400.0,3021360320290
2020A01298,05/13/2021,03/02/2021,Accepting Proxy,0,37143.5,68654.0,3050070540350
2020A01440,05/13/2021,03/02/2021,Accepting Proxy,0,2490.86,16704.0,3031150420371
2020A01522,05/13/2021,03/02/2021,Accepting Proxy,0,8899.93,59048.0,3031220250150
2020A01301,05/13/2021,03/02/2021,Accepting Proxy,0,40787.14,290326.0,3660040071870
2020A01302,05/13/2021,03/02/2021,Accepting Proxy,0,18224.6,212250.0,940250200100
2020A01443,05/13/2021,03/02/2021,Accepting Proxy,0,15071.77,170013.0,421320120810
2020A01484,05/13/2021,03/02/2021,Accepting Proxy,0,18560.32,214500.0,242032050050
2020A01523,05/13/2021,03/02/2021,Accepting Proxy,0,16288.14,157300.0,131140410420
2020A01444,05/13/2021,03/02/2021,Accepting Proxy,0,23544.81,263300.0,1222260080080
2020A01485,05/13/2021,03/02/2021,Accepting Proxy,0,25338.37,278482.0,341170470610
2020A01303,05/13/2021,03/02/2021,Accepting Proxy,0,4429.01,27370.0,622290780220
2020A01445,05/13/2021,03/02/2021,Accepting Proxy,0,3275.6,23190.0,3069120040440
2020A01524,05/13/2021,03/02/2021,Accepting Proxy,0,17662.0,203981.0,430120190281
2020A01486,05/13/2021,03/02/2021,Accepting Proxy,0,16933.8,201162.0,350240120100
2020A01526,05/13/2021,03/02/2021,Accepting Proxy,0,4592.82,40887.0,232260080470
2020A01487,05/13/2021,03/02/2021,Accepting Proxy,0,59740.88,103986.0,430020470011
2020A01529,05/13/2021,03/02/2021,Canceled,0,4229.42,55984.0,3021360320300
2020A01530,05/13/2021,03/02/2021,Accepting Proxy,0,4730.5,106290.0,3031150056730
2020A01392,05/13/2021,03/02/2021,Accepting Proxy,0,14479.83,167706.0,3059140700030
2020A01441,05/13/2021,03/03/2021,Accepting Proxy,0,1910.93,9293.0,3031210261670
2020A01446,05/13/2021,03/03/2021,Accepting Proxy,0,2744.86,18398.0,3031210370750
2020A01488,05/13/2021,03/03/2021,Accepting Proxy,0,69096.07,124141.0,621250260260
2020A01489,05/13/2021,03/03/2021,Accepting Proxy,0,5087.77,62889.0,721120090070
2020A01447,05/13/2021,03/03/2021,Accepting Proxy,0,9119.49,24951.0,3031150056510
2020A01448,05/13/2021,03/03/2021,Accepting Proxy,0,1620.85,9293.0,3031210261340
2020A01449,05/13/2021,03/03/2021,Accepting Proxy,0,1523.33,9293.0,3031210261360
2020A01490,05/13/2021,03/03/2021,Accepting Proxy,0,47474.97,465700.0,2822100800930
2020A01531,05/13/2021,03/03/2021,Accepting Proxy,0,4967.46,53940.0,3068110000273
2020A01533,05/13/2021,03/03/2021,Accepting Proxy,0,15151.91,131033.0,3421150033720
2020A01495,05/13/2021,03/03/2021,Accepting Proxy,0,6699.49,80000.0,3079040280110
2020A01451,05/13/2021,03/03/2021,Accepting Proxy,0,58448.69,74953.0,3031220110010
2020A01393,05/13/2021,03/03/2021,Accepting Proxy,0,14327.18,,431170140840
2020A01395,05/13/2021,03/03/2021,Accepting Proxy,0,218396.63,366596.0,3059130260250
2020A01396,05/13/2021,03/03/2021,Accepting Proxy,0,14337.15,336600.0,242032130090
2020A01496,05/13/2021,03/03/2021,Accepting Proxy,0,9991.97,99821.0,2540060831860
2020A01405,05/13/2021,03/03/2021,Accepting Proxy,0,9048.26,80080.0,622200552080
2020A01498,05/13/2021,03/03/2021,Accepting Proxy,0,11575.49,130602.0,421320130220
2020A01534,05/13/2021,03/03/2021,Accepting Proxy,0,22329.5,294559.0,3030230470020
2020A01407,05/13/2021,03/03/2021,Accepting Proxy,0,6531.77,116000.0,232340360060
2020A01501,05/13/2021,03/03/2021,Accepting Proxy,0,11604.04,116000.0,232270260120
2020A01535,05/13/2021,03/03/2021,Accepting Proxy,0,33179.5,1167281.0,141210010955
2020A01409,05/13/2021,03/03/2021,Accepting Proxy,0,15813.63,171820.0,3012310080090
2020A01502,05/13/2021,03/03/2021,Accepting Proxy,0,11217.36,74080.0,821220051490
2020A01537,05/13/2021,03/03/2021,Accepting Proxy,0,5386.03,42050.0,622290780830
2020A01452,05/13/2021,03/04/2021,Accepting Proxy,0,5166.36,118851.0,131130230660
2020A01538,05/13/2021,03/04/2021,Accepting Proxy,0,106396.43,182750.0,3059050071050
2020A01539,05/13/2021,03/04/2021,Canceled,0,7898.84,96333.0,3049120412630
2020A01453,05/13/2021,03/04/2021,Accepting Proxy,0,7701.05,61088.0,1678240180241
2020A01483,05/13/2021,03/04/2021,Accepting Proxy,0,3667.13,36775.0,3058280001300
2020A01410,05/13/2021,03/04/2021,Accepting Proxy,0,3321.64,66800.0,3022060410220
2020A01454,05/13/2021,03/04/2021,Accepting Proxy,0,8309.02,75625.0,131140410410
2020A01541,05/13/2021,03/04/2021,Accepting Proxy,0,8570.59,93600.0,3122020340940
2020A01455,05/13/2021,03/04/2021,Accepting Proxy,0,19068.22,214700.0,2822030741490
2020A01411,05/13/2021,03/04/2021,Accepting Proxy,0,12484.34,285497.0,3040130062121
2020A01412,05/13/2021,03/04/2021,Accepting Proxy,0,11267.84,135433.0,3030531240600
2020A01543,05/13/2021,03/04/2021,Canceled,0,8572.93,104272.0,3040040831630
2021A00020,05/13/2021,03/05/2021,Accepting Proxy,0,24374.16,224501.0,141391250280
2020A01471,05/13/2021,03/05/2021,Accepting Proxy,0,15029.02,128104.0,3031040080150
2020A00331,04/08/2021,03/17/2021,Canceled,0,648.28,,3050320000432
2021A00070,05/20/2021,03/19/2021,Accepting Proxy,0,16211.66,178000.0,3122110300690
2021A00011,05/20/2021,03/19/2021,Accepting Proxy,0,6041.25,198962.0,821220170360
2021A00012,05/20/2021,03/19/2021,Accepting Proxy,0,5947.36,90750.0,940250730810
2021A00040,05/20/2021,03/22/2021,Accepting Proxy,0,30154.13,333118.0,3040080250890
2021A00042,05/20/2021,03/22/2021,Accepting Proxy,0,34564.71,409126.0,141381572650
2019A01112,05/20/2021,03/22/2021,Accepting Proxy,0,-824.91,27820.0,622290780690
2021A00043,05/20/2021,03/22/2021,Accepting Proxy,0,30979.75,55062.0,131360830340
2021A00044,05/20/2021,03/22/2021,Accepting Proxy,0,4187.38,46413.0,622300670230
2019A01271,05/20/2021,03/22/2021,Accepting Proxy,0,7523.08,117894.0,3031210230370
2021A00014,05/20/2021,03/23/2021,Canceled,0,16649.05,187500.0,3069350000080
2021A00071,05/20/2021,03/23/2021,Accepting Proxy,0,25428.84,210540.0,622210363480
2021A00073,05/20/2021,03/23/2021,Accepting Proxy,0,8304.77,80241.0,131230210220
2021A00074,05/20/2021,03/23/2021,Accepting Proxy,0,26928.69,326000.0,3040190032220
2021A00016,05/20/2021,03/23/2021,Accepting Proxy,0,11479.98,235578.0,3660160060470
2021A00045,05/20/2021,03/23/2021,Accepting Proxy,0,18637.4,165332.0,1422350430860
2021A00017,05/20/2021,03/23/2021,Accepting Proxy,0,23853.97,555674.0,430110470040
2021A00046,05/20/2021,03/23/2021,Accepting Proxy,0,14470.06,106104.0,102020501230
2021A00075,05/20/2021,03/23/2021,Accepting Proxy,0,2758.91,34100.0,622290710210
2021A00048,05/20/2021,03/23/2021,Accepting Proxy,0,1832.02,48148.0,131140000350
2021A00049,05/20/2021,03/23/2021,Canceled,0,11623.19,127638.0,430120101220
2020A01007,05/20/2021,03/23/2021,Accepting Proxy,0,9739.83,80396.0,3421150080080
2021A00021,05/20/2021,03/23/2021,Accepting Proxy,0,78346.24,1523000.0,242032860730
2021A00050,05/20/2021,03/23/2021,Accepting Proxy,0,8358.99,69877.0,131350191210
2021A00022,05/20/2021,03/23/2021,Accepting Proxy,0,42950.28,430000.0,242032580240
2021A00051,05/20/2021,03/23/2021,Accepting Proxy,0,10178.65,31411.0,132180260150
2021A00076,05/20/2021,03/24/2021,Accepting Proxy,0,2537.69,15122.0,131130520280
2021A00023,05/20/2021,03/24/2021,Accepting Proxy,0,11156.5,120960.0,3122020341150
2021A00024,05/20/2021,03/24/2021,Accepting Proxy,0,13753.63,132920.0,3220230150170
2020A01171,05/20/2021,03/24/2021,Accepting Proxy,0,23370.12,299987.0,131340580260
2021A00077,05/20/2021,03/24/2021,Accepting Proxy,0,10576.01,70348.0,131230130230
2020A01236,05/20/2021,03/24/2021,Accepting Proxy,0,8343.32,167000.0,420341220030
2021A00025,05/20/2021,03/24/2021,Accepting Proxy,0,305984.52,469502.0,141390050840
2020A01255,05/20/2021,03/24/2021,Accepting Proxy,0,14531.03,233405.0,430120030501
2021A00072,05/20/2021,03/24/2021,Accepting Proxy,0,19405.71,234336.0,141391161800
2021A00027,05/20/2021,03/24/2021,Accepting Proxy,0,28077.07,352319.0,3350340010090
2021A00028,05/20/2021,03/24/2021,Accepting Proxy,0,49614.91,504179.0,131340350330
2021A00078,05/20/2021,03/24/2021,Accepting Proxy,0,7077.62,80900.0,131130651180
2021A00079,05/20/2021,03/24/2021,Accepting Proxy,0,3269.65,20820.0,131230140011
2021A00029,05/20/2021,03/24/2021,Accepting Proxy,0,15062.94,179080.0,3031160000130
2020A01373,05/20/2021,03/24/2021,Accepting Proxy,0,19413.05,257485.0,132300461910
2021A00033,05/20/2021,03/24/2021,Accepting Proxy,0,8081.11,82800.0,3122020342570
2021A00080,05/20/2021,03/24/2021,Accepting Proxy,0,20561.9,306200.0,232110622580
2020A01386,05/20/2021,03/24/2021,Accepting Proxy,0,4173.67,37650.0,3122140450680
2020A01388,05/20/2021,03/24/2021,Accepting Proxy,0,344033.83,594934.0,3050090001320
2021A00081,05/20/2021,03/25/2021,Accepting Proxy,0,29187.62,766600.0,232330411840
2021A00053,05/20/2021,03/25/2021,Accepting Proxy,0,26811.99,146138.0,821210024510
2021A00056,05/20/2021,03/25/2021,Accepting Proxy,0,12201.39,111626.0,622280440890
2021A00034,05/20/2021,03/25/2021,Accepting Proxy,0,10822.27,136000.0,3122110220340
2021A00082,05/20/2021,03/25/2021,Accepting Proxy,0,24026.35,286833.0,431060490130
2021A00060,05/20/2021,03/25/2021,Accepting Proxy,0,3987.21,23000.0,1222260080150
2021A00035,05/20/2021,03/25/2021,Accepting Proxy,0,35117.24,416119.0,141381572670
2021A00064,05/20/2021,03/25/2021,Accepting Proxy,0,67065.65,119822.0,3031100530630
2021A00084,05/20/2021,03/25/2021,Accepting Proxy,0,3987.21,23000.0,1222260080140
2021A00039,05/20/2021,03/26/2021,Accepting Proxy,0,32570.38,296840.0,131270450050
2020A01389,05/20/2021,03/26/2021,Accepting Proxy,0,8170.82,129030.0,3050190040090
2021A00061,05/20/2021,03/26/2021,Accepting Proxy,0,16143.23,201592.0,3040230921550
2021A00087,05/20/2021,03/26/2021,Accepting Proxy,0,89487.29,167713.0,3021270150440
2020A01390,05/20/2021,03/26/2021,Accepting Proxy,0,8488.64,134100.0,2812340543790
2021A00088,05/20/2021,03/26/2021,Accepting Proxy,0,15948.14,122940.0,3022200021801
2021A00089,05/20/2021,03/26/2021,Accepting Proxy,0,16672.78,26834.0,3031100571280
2021A00065,05/20/2021,03/26/2021,Accepting Proxy,0,8208.27,60594.0,3031150055850
2021A00090,05/20/2021,03/26/2021,Accepting Proxy,0,5140.09,37502.0,3031220081890
2021A00066,05/20/2021,03/26/2021,Accepting Proxy,0,10691.17,,3031150210350
2021A00091,05/20/2021,03/26/2021,Accepting Proxy,0,5655.77,55212.0,3031220290080
2021A00094,05/20/2021,03/26/2021,Accepting Proxy,0,5503.53,60280.0,3068010013680
2021A00003,05/20/2021,03/29/2021,Accepting Proxy,0,1006.13,11660.0,3122020345920
2021A00005,05/20/2021,03/29/2021,Accepting Proxy,0,10407.15,119506.0,3040181091890
2021A00095,05/20/2021,03/29/2021,Accepting Proxy,0,2944.21,28089.0,3078150050150
2021A00096,05/20/2021,03/29/2021,Accepting Proxy,0,4001.7,73.0,3069260210600
2020A01516,05/20/2021,03/29/2021,Accepting Proxy,0,5368.68,55249.0,3031110030010
2021A00114,06/03/2021,03/29/2021,Accepting Proxy,0,12527.47,151000.0,3530220293370
2021A00113,06/03/2021,03/29/2021,Accepting Proxy,0,7242.86,137000.0,3122140140480
2021A00121,06/03/2021,03/29/2021,Accepting Proxy,0,36741.08,359388.0,341081151600
2021A00097,06/03/2021,03/30/2021,Accepting Proxy,0,25325.06,261000.0,1222260420130
2021A00109,06/03/2021,03/30/2021,Accepting Proxy,0,13928.04,137095.0,3031020140700
2021A00133,06/03/2021,03/30/2021,Accepting Proxy,0,7835.66,,3020110810760
2021A00101,06/03/2021,03/30/2021,Accepting Proxy,0,3055.38,22453.0,131140270090
2021A00103,06/03/2021,03/30/2021,Accepting Proxy,0,14354.08,200000.0,232110222670
2021A00105,06/03/2021,03/30/2021,Accepting Proxy,0,2273.73,36659.0,2822100146770
2021A00134,06/03/2021,03/30/2021,Accepting Proxy,0,107671.2,179699.0,530240060510
2021A00110,06/03/2021,03/30/2021,Accepting Proxy,0,3023.14,140030.0,3040050340810
2021A00116,06/03/2021,03/30/2021,Accepting Proxy,0,4028.82,52429.0,3022050371320
2021A00111,06/03/2021,03/30/2021,Accepting Proxy,0,15152.52,108324.0,3050190040110
2021A00117,06/03/2021,03/30/2021,Accepting Proxy,0,6394.66,123375.0,3040350311250
2021A00118,06/03/2021,03/30/2021,Accepting Proxy,0,36030.83,416791.0,3050060080350
2021A00120,06/03/2021,03/30/2021,Accepting Proxy,0,11338.47,235600.0,232110622800
2021A00122,06/03/2021,03/30/2021,Accepting Proxy,0,4117.88,12700.0,3031210000350
2021A00140,06/03/2021,03/30/2021,Accepting Proxy,0,4968.96,16200.0,141391232841
2021A00141,06/03/2021,03/30/2021,Accepting Proxy,0,5958.59,35366.0,3031110370390
2021A00142,06/03/2021,03/30/2021,Accepting Proxy,0,1229.0,30869.0,3031150050310
2021A00143,06/03/2021,03/30/2021,Accepting Proxy,0,3299.26,15965.0,3031150050780
2016A00612,06/03/2021,03/30/2021,Accepting Proxy,0,40759.85,17100.0,3030520751570
2021A00107,06/03/2021,03/31/2021,Accepting Proxy,0,8917.41,71447.0,3021350070280
2018A01831,06/03/2021,03/31/2021,Accepting Proxy,0,19159.98,150193.0,131230120620
2019A01064,06/03/2021,03/31/2021,Accepting Proxy,0,50185.12,89433.0,3040060260080
2020A00052,06/03/2021,03/31/2021,Accepting Proxy,0,32795.29,33084.0,3079030132630
2021A00148,06/03/2021,03/31/2021,Accepting Proxy,0,15412.65,94716.0,3022050301320
2019A00933,06/03/2021,03/31/2021,Accepting Proxy,0,10053.86,121683.0,2730030104830
2021A00149,06/03/2021,03/31/2021,Accepting Proxy,0,21391.52,59501.0,3022050331170
2020A00156,06/03/2021,03/31/2021,Accepting Proxy,0,44430.09,86900.0,3021130373450
2021A00123,06/03/2021,03/31/2021,Accepting Proxy,0,42057.31,19459.0,131140350450
2021A00124,06/03/2021,03/31/2021,Accepting Proxy,0,6595.69,16920.0,3030520752360
2021A00150,06/03/2021,03/31/2021,Accepting Proxy,0,13882.66,110000.0,3049340161680
2021A00151,06/03/2021,03/31/2021,Accepting Proxy,0,2913.58,41140.0,3411360060290
2021A00153,06/03/2021,03/31/2021,Accepting Proxy,0,6115.58,29877.0,131230372520
2021A00085,06/03/2021,04/01/2021,Accepting Proxy,0,17331.43,212291.0,1322270350020
2021A00144,06/03/2021,04/01/2021,Accepting Proxy,0,2940.71,9825.0,3031150055490
2021A00154,06/03/2021,04/01/2021,Accepting Proxy,0,32735.55,304168.0,3350330240410
2021A00125,06/03/2021,04/01/2021,Accepting Proxy,0,3232.39,5518.0,131260300070
2021A00145,06/03/2021,04/01/2021,Accepting Proxy,0,6180.9,24086.0,3031150190360
2021A00160,06/03/2021,04/01/2021,Accepting Proxy,0,6361.72,94716.0,3022050301340
2021A00126,06/03/2021,04/01/2021,Accepting Proxy,0,3674.64,7987.0,1078130360260
2021A00146,06/03/2021,04/01/2021,Accepting Proxy,0,5723.0,19278.0,3031150360350
2021A00127,06/03/2021,04/01/2021,Accepting Proxy,0,23338.24,21248.0,3031110370380
2021A00128,06/03/2021,04/01/2021,Accepting Proxy,0,66078.63,0.0,3049290060170
2021A00147,06/03/2021,04/01/2021,Accepting Proxy,0,3367.11,8923.0,3031160090790
2021A00208,06/03/2021,04/01/2021,Accepting Proxy,0,9170.04,76799.0,3031220180450
2021A00129,06/03/2021,04/01/2021,Accepting Proxy,0,2169.57,2840.0,3021230250221
2021A00209,06/03/2021,04/01/2021,Accepting Proxy,0,7153.79,31216.0,821280030260
2021A00210,06/03/2021,04/02/2021,Accepting Proxy,0,6963.87,27639.0,821280030230
2021A00130,06/03/2021,04/02/2021,Accepting Proxy,0,8980.47,15044.0,3421080200640
2021A00211,06/03/2021,04/02/2021,Accepting Proxy,0,6665.7,33616.0,821280030200
2021A00213,06/03/2021,04/02/2021,Accepting Proxy,0,6412.62,26205.0,821280030250
2021A00131,06/03/2021,04/02/2021,Accepting Proxy,0,38679.55,75780.0,3030520752620
2021A00234,06/03/2021,04/02/2021,Accepting Proxy,0,6032.74,105000.0,232021030040
2021A00212,06/03/2021,04/02/2021,Accepting Proxy,0,7884.5,33781.0,821280030240
2021A00229,06/03/2021,04/02/2021,Accepting Proxy,0,8789.52,57574.0,3031220525260
2021A00207,06/03/2021,04/02/2021,Accepting Proxy,0,80286.12,144000.0,821280070221
2021A00230,06/03/2021,04/02/2021,Accepting Proxy,0,4311.95,61389.0,3078250112160
2021A00250,06/03/2021,04/02/2021,Accepting Proxy,0,1364.9,875362.0,3040200000021
2021A00251,06/03/2021,04/02/2021,Accepting Proxy,0,10747.0,192700.0,142070016660
2020A00473,06/03/2021,04/02/2021,Accepting Proxy,0,4651.14,27222.0,3031040033710
2020A00471,06/03/2021,04/02/2021,Accepting Proxy,0,58777.66,79201.0,131270110520
2020A00475,06/03/2021,04/02/2021,Accepting Proxy,0,22223.19,18159.0,3050320100370
2021A00236,06/03/2021,04/02/2021,Accepting Proxy,0,1791.06,3380.0,3049290120830
2021A00237,06/03/2021,04/02/2021,Accepting Proxy,0,2171.84,,3022050090150
2021A00162,06/03/2021,04/05/2021,Accepting Proxy,0,65400.95,112990.0,131220521820
2021A00238,06/03/2021,04/05/2021,Accepting Proxy,0,1392.31,36612.0,3022060160050
2021A00244,06/03/2021,04/05/2021,Accepting Proxy,0,28849.59,305591.0,3059360021400
2021A00157,06/03/2021,04/05/2021,Accepting Proxy,0,32443.04,56212.0,1222260080030
2021A00163,06/03/2021,04/05/2021,Accepting Proxy,0,6651.34,36300.0,3069360051380
2021A00239,06/03/2021,04/05/2021,Accepting Proxy,0,1761.99,1903.0,131140350960
2021A00158,06/03/2021,04/05/2021,Accepting Proxy,0,4032.54,23000.0,1222260080130
2021A00235,06/03/2021,04/05/2021,Accepting Proxy,0,10324.56,7316.0,821220030780
2021A00159,06/03/2021,04/05/2021,Canceled,0,29434.3,766600.0,232330411830
2021A00247,06/03/2021,04/05/2021,Accepting Proxy,0,19858.57,256500.0,2332090210460
2020A00398,06/03/2021,04/05/2021,Accepting Proxy,0,72735.5,124037.0,3031040035970
2020A00350,06/03/2021,04/06/2021,Accepting Proxy,0,22505.31,291074.0,3049350081300
2021A00205,06/03/2021,04/06/2021,Accepting Proxy,0,12589.82,9825.0,3031150056052
2020A00349,06/03/2021,04/06/2021,Accepting Proxy,0,9187.58,88705.0,3031210000123
2020A01399,04/22/2021,04/14/2021,Canceled,0,-138.73,,3078260060700
2021A00196,06/10/2021,04/14/2021,Accepting Proxy,0,9267.89,108247.0,3050020310250
2021A00197,06/10/2021,04/14/2021,Accepting Proxy,0,7167.46,103923.0,3059140070190
2021A00248,06/10/2021,04/14/2021,Accepting Proxy,0,24473.24,362900.0,1222260150320
2021A00199,06/10/2021,04/14/2021,Accepting Proxy,0,24606.35,276100.0,2812350881690
2021A00231,06/10/2021,04/15/2021,Accepting Proxy,0,2259.67,25241.0,3031150052240
2021A00232,06/10/2021,04/15/2021,Accepting Proxy,0,1811.24,58770.0,430110070070
2021A00242,06/10/2021,04/15/2021,Accepting Proxy,0,3570.6,26520.0,3030520752010
2021A00243,06/10/2021,04/15/2021,Accepting Proxy,0,3723.59,70427.0,3031030250100
2021A00245,06/10/2021,04/15/2021,Accepting Proxy,0,3973.85,14889.0,3049290120800
2021A00246,06/10/2021,04/15/2021,Accepting Proxy,0,22845.38,257161.0,131341241760
2020A01193,06/10/2021,04/15/2021,Accepting Proxy,0,25417.82,271654.0,141050280240
2021A00200,06/10/2021,04/15/2021,Accepting Proxy,0,31208.43,339651.0,1222260460440
2021A00201,06/10/2021,04/15/2021,Accepting Proxy,0,6963.49,52476.0,2530310443120
2021A00202,06/10/2021,04/15/2021,Accepting Proxy,0,24705.55,281880.0,141381630980
2021A00203,06/10/2021,04/15/2021,Accepting Proxy,0,23390.69,464675.0,132300970610
2021A00249,06/10/2021,04/16/2021,Accepting Proxy,0,18276.06,238000.0,232110223520
2021A00180,06/10/2021,04/12/2021,Accepting Proxy,0,6018.15,81720.0,3122020342450
2021A00186,06/10/2021,04/12/2021,Accepting Proxy,0,20692.53,34758.0,3421040161270
2021A00188,06/10/2021,04/12/2021,Accepting Proxy,0,6292.14,85179.0,131360831430
2021A00214,06/10/2021,04/12/2021,Accepting Proxy,0,2672.69,7086.0,3031110380060
2021A00189,06/10/2021,04/13/2021,Accepting Proxy,0,20545.02,249005.0,431180033760
2021A00215,06/10/2021,04/13/2021,Accepting Proxy,0,2665.03,7086.0,3031110380070
2021A00190,06/10/2021,04/13/2021,Accepting Proxy,0,124962.59,224870.0,431050012330
2021A00233,06/10/2021,04/13/2021,Accepting Proxy,0,14838.8,138206.0,3069120321710
2021A00192,06/10/2021,04/13/2021,Accepting Proxy,0,17235.11,156915.0,821280140010
2021A00195,06/10/2021,04/13/2021,Accepting Proxy,0,23286.95,310614.0,3031280060780
2021A00241,06/10/2021,04/13/2021,Accepting Proxy,0,14105.25,170000.0,3530200573750
2020A00331,05/06/2021,04/21/2021,Canceled,0,352.16,,3050320000432
2020A01125,07/08/2021,04/23/2021,Accepting Proxy,0,15247.15,68000.0,3421120380610
2020A01329,07/08/2021,04/23/2021,Accepting Proxy,0,15463.78,,2220290290270
2021A00115,07/08/2021,04/23/2021,Accepting Proxy,0,3135.47,,3022050100040
2020A00267,07/08/2021,04/23/2021,Accepting Proxy,0,57290.77,,3031020120410
2020A00438,07/08/2021,05/03/2021,Canceled,0,1925.55,74280.0,131140250040
2021A00217,07/08/2021,05/03/2021,Accepting Proxy,0,16983.74,43200.0,940250070150
2021A00224,07/08/2021,05/03/2021,Accepting Proxy,0,18634.52,180598.0,1078130490210
2021A00223,07/08/2021,05/03/2021,Accepting Proxy,0,19594.49,158115.0,131360210810
2020A01263,07/08/2021,05/03/2021,Accepting Proxy,0,4756.63,51989.0,3021140100760
2021A00218,07/08/2021,05/03/2021,Accepting Proxy,0,15739.2,198188.0,3031100531140
2021A00219,07/08/2021,05/03/2021,Accepting Proxy,0,1279.41,2973113.0,3040200000020
2020A01283,07/08/2021,05/04/2021,Accepting Proxy,0,10328.35,139162.0,3069350010050
2020A01291,07/08/2021,05/04/2021,Accepting Proxy,0,4126.05,34663.0,622300780380
2021A00222,07/08/2021,05/04/2021,Accepting Proxy,0,33550.71,51870.0,131140120980
2021A00168,07/08/2021,05/04/2021,Accepting Proxy,0,12445.67,142200.0,722100510270
2021A00139,07/08/2021,05/04/2021,Accepting Proxy,0,4171.15,46162.0,1079080430260
2021A00171,07/08/2021,05/04/2021,Accepting Proxy,0,7572.93,81409.0,3022050374910
2021A00135,07/08/2021,05/04/2021,Accepting Proxy,0,11290.02,62417.0,3421040180380
2021A00137,07/08/2021,05/04/2021,Accepting Proxy,0,6979.63,152533.0,1078140062220
2021A00167,07/08/2021,05/04/2021,Accepting Proxy,0,17094.9,164045.0,722070071920
2021A00138,07/08/2021,05/04/2021,Accepting Proxy,0,13509.11,93066.0,821220320510
2021A00170,07/08/2021,05/04/2021,Accepting Proxy,0,27755.56,52093.0,3012310720070
2021A00176,07/08/2021,05/04/2021,Accepting Proxy,0,23105.47,263905.0,3060180000070
2021A00166,07/08/2021,05/04/2021,Accepting Proxy,0,40096.65,354197.0,131250802300
2021A00175,07/08/2021,05/05/2021,Accepting Proxy,0,19831.19,190243.0,3031120760120
2021A00178,07/08/2021,05/05/2021,Accepting Proxy,0,27890.15,371949.0,3049150130530
2021A00169,07/08/2021,05/06/2021,Accepting Proxy,0,4123.27,95000.0,2812340270080
2021A00173,07/08/2021,05/06/2021,Accepting Proxy,0,4075.71,42750.0,3022310380170
2021A00177,07/08/2021,05/06/2021,Accepting Proxy,0,10857.01,132305.0,3050200180780
2021A00226,07/08/2021,05/06/2021,Accepting Proxy,0,9099.34,72636.0,821220340040
2021A00227,07/08/2021,05/06/2021,Accepting Proxy,0,3375.05,30800.0,3030520752540
2021A00228,07/08/2021,05/06/2021,Accepting Proxy,0,13486.43,104170.0,3031030140650
2020A01398,07/08/2021,05/06/2021,Accepting Proxy,0,3043.01,25824.0,3069120080290
2020A01401,07/08/2021,05/07/2021,Accepting Proxy,0,8231.01,9825.0,3031150055410
2020A00929,06/10/2021,05/19/2021,Canceled,0,2650.18,101680.0,3069120230620
2020A01503,06/10/2021,05/19/2021,Canceled,0,22434.3,42497.0,2220300060011
2021A00259,07/15/2021,05/19/2021,Accepting Proxy,0,4508.47,12581.0,3031160094651
2018A00138,07/15/2021,05/17/2021,Accepting Proxy,0,1559.93,,3040040840280
2021A00255,07/15/2021,05/18/2021,Accepting Proxy,0,882.26,230.0,3050070632660
2021A00256,07/15/2021,05/18/2021,Accepting Proxy,0,882.26,230.0,3050070632710
2020A00213,07/15/2021,05/18/2021,Accepting Proxy,0,26803.83,214865.0,141400110160
2021A00257,07/15/2021,05/18/2021,Accepting Proxy,0,2514.95,25577.0,3031160090300
2018A00139,07/15/2021,05/18/2021,Accepting Proxy,0,1608.08,,3040040840290
2021A00253,07/15/2021,05/18/2021,Accepting Proxy,0,918.32,230.0,3050070631360
2018A00137,07/15/2021,05/18/2021,Accepting Proxy,0,1608.08,,3040040840270
2021A00254,07/15/2021,05/18/2021,Accepting Proxy,0,882.26,230.0,3050070632650
2018A00142,07/15/2021,05/18/2021,Accepting Proxy,0,1559.93,,3040040840330
2020A01250,07/15/2021,05/18/2021,Accepting Proxy,0,14582.2,152992.0,3411330150310
2021A00258,07/15/2021,05/18/2021,Accepting Proxy,0,4847.21,20625.0,3031150420290
2020A01368,07/15/2021,05/18/2021,Accepting Proxy,0,34697.21,336237.0,3122110740540
